{"type":"FeatureCollection","_filter":"kabupaten bekasi|kabupaten bogor|kabupaten tangerang|kota bekasi|kota bogor|kota depok|kota jakarta barat|kota jakarta pusat|kota jakarta selatan|kota jakarta timur|kota jakarta utara|kota tangerang|kota tangerang selatan","features":[{"type":"Feature","properties":{"t":"b"},"geometry":{"type":"LineString","coordinates":[[107.09815,-5.94009],[107.09844,-5.94323],[107.09628,-5.9507],[107.09638,-5.95501],[107.09422,-5.95541],[107.09358,-5.95787],[107.09398,-5.95841],[107.0954,-5.95847],[107.09714,-5.96132],[107.09531,-5.96403],[107.09405,-5.96353],[107.09139,-5.96773],[107.08949,-5.96863],[107.09099,-5.97268],[107.09019,-5.97419],[107.08846,-5.97561],[107.09003,-5.97644],[107.08563,-5.97947],[107.0873,-5.97936],[107.08862,-5.98007],[107.0888,-5.9807],[107.08778,-5.98131],[107.08763,-5.98227],[107.08992,-5.98353],[107.08775,-5.98533],[107.08489,-5.98492],[107.08525,-5.98647],[107.08722,-5.98721],[107.08545,-5.98895],[107.08532,-5.99033],[107.08438,-5.99082],[107.0875,-5.9928],[107.08835,-5.99545],[107.08774,-5.99747],[107.08475,-6.00042],[107.08462,-6.00228],[107.08995,-6.00428],[107.09204,-6.00576],[107.0931,-6.00784],[107.09301,-6.01311],[107.09356,-6.01428],[107.09966,-6.01446],[107.10158,-6.01624],[107.10127,-6.01742],[107.0972,-6.01968],[107.09501,-6.02205],[107.09377,-6.02455],[107.09395,-6.0274],[107.09512,-6.02811],[107.09609,-6.02793],[107.0983,-6.02521],[107.0993,-6.02504],[107.10513,-6.02878],[107.11021,-6.02856],[107.11175,-6.02927],[107.1133,-6.03884],[107.11481,-6.03967],[107.11912,-6.03959],[107.12016,-6.04475],[107.12168,-6.04708],[107.12273,-6.04736],[107.125,-6.04613],[107.12653,-6.04611],[107.12782,-6.04739],[107.12443,-6.05062],[107.12521,-6.05322],[107.12737,-6.05468],[107.12851,-6.05461],[107.13175,-6.05278],[107.13255,-6.0532],[107.13268,-6.05495],[107.13039,-6.06069],[107.1307,-6.06215],[107.13352,-6.06358],[107.13442,-6.06349],[107.13648,-6.06183],[107.13892,-6.0573],[107.14093,-6.05753],[107.14041,-6.06362],[107.14359,-6.0713],[107.15157,-6.07283],[107.15354,-6.07195],[107.15682,-6.06793],[107.15964,-6.06767],[107.16243,-6.06922],[107.16547,-6.07215],[107.1719,-6.07593],[107.17331,-6.07733],[107.175,-6.08056],[107.17702,-6.08172],[107.17887,-6.0812],[107.18215,-6.07729],[107.18398,-6.07636],[107.18568,-6.07656],[107.18806,-6.07901],[107.18843,-6.08152],[107.18724,-6.08432],[107.18704,-6.08632],[107.18913,-6.08925],[107.20256,-6.09354],[107.21173,-6.09968],[107.22163,-6.10386],[107.23014,-6.10263],[107.2359,-6.10437],[107.23749,-6.10437],[107.24335,-6.10096],[107.2468,-6.10109],[107.2481,-6.10332],[107.2484,-6.11106],[107.24778,-6.11493],[107.2485,-6.1161],[107.25147,-6.11617],[107.26245,-6.11102],[107.26533,-6.11134],[107.2689,-6.11423],[107.26939,-6.11556],[107.26923,-6.1187],[107.27038,-6.12396],[107.26998,-6.12778],[107.27063,-6.12968],[107.27282,-6.13053],[107.27789,-6.12703],[107.27975,-6.12686],[107.28119,-6.1276],[107.28127,-6.1299],[107.27967,-6.132],[107.27947,-6.13337],[107.28002,-6.13423],[107.28342,-6.13537],[107.28392,-6.13725],[107.28222,-6.14051],[107.28104,-6.14483],[107.28136,-6.14677],[107.28242,-6.14804],[107.28577,-6.1487],[107.28896,-6.14192],[107.29105,-6.1405],[107.29213,-6.14063],[107.29266,-6.14143],[107.28921,-6.1493],[107.28923,-6.15402],[107.28845,-6.15632],[107.2812,-6.15733],[107.27949,-6.15919],[107.27859,-6.16202],[107.27991,-6.16583],[107.2791,-6.16944],[107.27937,-6.17109],[107.28085,-6.17261],[107.28597,-6.17532],[107.28696,-6.17824],[107.28595,-6.18275],[107.2862,-6.18389],[107.29055,-6.18707],[107.29214,-6.19015],[107.29206,-6.19346],[107.29049,-6.19801],[107.29083,-6.20061],[107.29205,-6.20169],[107.29598,-6.20132],[107.29662,-6.20295],[107.29607,-6.20438],[107.29397,-6.20662],[107.29308,-6.21417],[107.29223,-6.21606],[107.29104,-6.21698],[107.289,-6.2175],[107.28391,-6.21597],[107.27863,-6.21537],[107.27328,-6.21581],[107.27222,-6.21688],[107.2723,-6.21903],[107.27495,-6.22248],[107.27666,-6.22316],[107.28072,-6.22344],[107.28368,-6.22588],[107.28324,-6.22751],[107.28209,-6.22892],[107.27442,-6.23357],[107.27315,-6.23341],[107.27024,-6.2315],[107.26913,-6.23199],[107.26946,-6.23328],[107.27451,-6.24121],[107.27549,-6.24715],[107.27784,-6.2536],[107.27736,-6.25508],[107.27383,-6.25746],[107.27341,-6.25837],[107.27413,-6.26054],[107.27602,-6.26312],[107.27615,-6.26705],[107.26612,-6.27438],[107.26592,-6.27635],[107.26497,-6.2776],[107.26516,-6.27866],[107.26806,-6.27975],[107.2673,-6.28217],[107.26743,-6.28453],[107.26692,-6.28508],[107.26615,-6.2852],[107.2653,-6.28371],[107.26475,-6.28059],[107.26326,-6.28009],[107.26189,-6.28195],[107.26434,-6.28505],[107.26442,-6.28619],[107.26341,-6.28663],[107.26156,-6.28599],[107.2599,-6.28786],[107.25508,-6.29028],[107.25553,-6.29403],[107.25499,-6.29483],[107.25372,-6.29495],[107.25092,-6.29287],[107.24867,-6.2933],[107.24764,-6.29449],[107.24745,-6.29566],[107.24821,-6.29734],[107.24678,-6.29978],[107.24484,-6.29978],[107.24399,-6.29916],[107.24333,-6.29742],[107.24174,-6.29676],[107.24043,-6.29703],[107.23747,-6.29624],[107.23645,-6.29667],[107.23596,-6.29808],[107.2376,-6.30164],[107.23962,-6.30381],[107.23865,-6.30648],[107.23719,-6.30763],[107.23557,-6.3074],[107.23534,-6.30111],[107.23434,-6.29902],[107.23328,-6.29886],[107.23229,-6.29963],[107.23374,-6.30275],[107.23304,-6.30403],[107.23165,-6.30382],[107.23025,-6.30222],[107.22946,-6.3023],[107.22825,-6.30426],[107.22381,-6.3061],[107.22417,-6.30779],[107.22715,-6.30851],[107.2276,-6.30934],[107.22703,-6.31007],[107.22456,-6.31029],[107.22496,-6.3137],[107.22394,-6.31634],[107.22178,-6.31659],[107.22138,-6.31431],[107.21992,-6.31315],[107.21807,-6.31383],[107.2174,-6.31515],[107.21758,-6.31714],[107.21863,-6.31841],[107.22292,-6.31824],[107.225,-6.3201],[107.22414,-6.32148],[107.22171,-6.32075],[107.2186,-6.32113],[107.21805,-6.32238],[107.21929,-6.32593],[107.21597,-6.32769],[107.21472,-6.32996],[107.21543,-6.33101],[107.21793,-6.33078],[107.21905,-6.33143],[107.21961,-6.3322],[107.21924,-6.33408],[107.22235,-6.33436],[107.22381,-6.33539],[107.2234,-6.33871],[107.22552,-6.34115],[107.2266,-6.34916],[107.22581,-6.35038],[107.22346,-6.352],[107.21592,-6.34964],[107.21499,-6.34989],[107.21495,-6.35205],[107.21326,-6.35437],[107.2129,-6.35759],[107.21514,-6.36049],[107.21487,-6.36285],[107.21349,-6.36402],[107.21227,-6.36321],[107.21128,-6.36147],[107.20792,-6.36101],[107.2074,-6.36161],[107.20777,-6.36266],[107.21001,-6.3637],[107.21062,-6.36466],[107.21044,-6.36582],[107.20551,-6.36925],[107.20494,-6.37083],[107.2056,-6.37322],[107.20475,-6.37521],[107.2073,-6.37848],[107.20924,-6.37956],[107.21046,-6.37959],[107.21165,-6.37906],[107.21133,-6.37631],[107.21191,-6.37451],[107.2124,-6.3744],[107.21292,-6.37483],[107.21257,-6.37717],[107.2143,-6.37957],[107.21907,-6.38064],[107.21871,-6.38344],[107.22125,-6.38429],[107.22166,-6.38821],[107.21987,-6.39625],[107.22212,-6.40039],[107.22197,-6.40245],[107.22095,-6.40459],[107.22141,-6.40806],[107.22084,-6.40845],[107.21727,-6.4077],[107.216,-6.40864],[107.21418,-6.40856],[107.21297,-6.40922],[107.21236,-6.41026],[107.21187,-6.41477],[107.21289,-6.41633],[107.21218,-6.41723],[107.21049,-6.41697],[107.20656,-6.41466],[107.20196,-6.41395],[107.20374,-6.41993],[107.20558,-6.42104],[107.20543,-6.42165],[107.20348,-6.42352],[107.20184,-6.42236],[107.20013,-6.42203],[107.19733,-6.42192],[107.19621,-6.42299],[107.19767,-6.42495],[107.20291,-6.42554],[107.20407,-6.4267],[107.20668,-6.43489],[107.20596,-6.43564],[107.20382,-6.43591],[107.20203,-6.43541],[107.202,-6.43609],[107.20704,-6.44106],[107.21177,-6.44961],[107.21107,-6.45245],[107.20889,-6.45132],[107.20789,-6.44928],[107.20593,-6.45025],[107.20538,-6.45193],[107.21265,-6.45496],[107.21529,-6.45802],[107.21665,-6.46057],[107.21679,-6.46093],[107.21522,-6.46183],[107.21649,-6.46361],[107.21446,-6.46401],[107.21299,-6.46545],[107.21106,-6.4654],[107.21033,-6.46829],[107.20902,-6.46904],[107.2035,-6.46381],[107.20169,-6.4611],[107.19994,-6.46155],[107.19684,-6.46069],[107.19638,-6.46138],[107.19757,-6.46221],[107.19736,-6.4635],[107.19565,-6.46402],[107.19266,-6.46294],[107.18959,-6.46389],[107.1893,-6.46891],[107.1885,-6.47031],[107.18523,-6.47171],[107.18397,-6.47164],[107.18383,-6.47028],[107.18567,-6.46906],[107.18549,-6.46729],[107.18179,-6.46776],[107.1814,-6.46841],[107.18304,-6.47125],[107.18282,-6.47348],[107.18001,-6.47317],[107.17835,-6.47388],[107.18103,-6.47478],[107.18089,-6.47792],[107.1783,-6.47972],[107.17559,-6.4789],[107.1718,-6.48011],[107.17145,-6.48175],[107.17326,-6.48309],[107.17387,-6.48486],[107.17214,-6.48578],[107.16987,-6.48395],[107.16574,-6.48255],[107.16374,-6.48026],[107.15968,-6.47826],[107.15624,-6.47549],[107.15146,-6.47422],[107.14664,-6.47161],[107.14607,-6.47285],[107.14456,-6.47162],[107.14072,-6.47158],[107.13886,-6.46968],[107.13837,-6.46821],[107.13543,-6.46694],[107.13398,-6.46478],[107.13251,-6.4637],[107.13196,-6.46409],[107.13254,-6.46551],[107.13192,-6.4658],[107.13338,-6.46696],[107.13201,-6.46783],[107.13288,-6.46863],[107.13143,-6.46808],[107.12928,-6.47001],[107.13051,-6.46983],[107.13084,-6.47107],[107.1254,-6.47012],[107.12346,-6.4682],[107.12177,-6.46842],[107.11804,-6.46637],[107.11643,-6.46696],[107.11297,-6.46456],[107.1125,-6.46331],[107.11072,-6.46211],[107.11144,-6.46087],[107.10997,-6.46049],[107.10983,-6.46092],[107.10846,-6.4609],[107.10637,-6.46003],[107.10602,-6.45847],[107.09966,-6.45366],[107.09091,-6.45056],[107.08959,-6.45101],[107.0892,-6.44957],[107.08737,-6.44967],[107.08737,-6.45043],[107.08645,-6.45064],[107.08639,-6.44979],[107.08545,-6.45003],[107.08271,-6.44894],[107.08122,-6.44429],[107.07863,-6.44244],[107.07415,-6.44069],[107.06443,-6.43511],[107.06313,-6.43387],[107.06151,-6.43377],[107.06042,-6.43459],[107.05953,-6.4341],[107.05917,-6.43142],[107.05811,-6.43067],[107.05782,-6.42963],[107.05727,-6.42951],[107.05645,-6.43036],[107.05589,-6.42903],[107.05495,-6.42951],[107.05455,-6.4292],[107.05592,-6.42747],[107.05892,-6.42673],[107.05716,-6.4242],[107.05841,-6.42307],[107.05669,-6.42235],[107.05653,-6.41776],[107.0555,-6.41753],[107.05538,-6.41884],[107.05427,-6.42003],[107.05115,-6.41733],[107.05222,-6.41535],[107.05544,-6.41555],[107.0555,-6.41659],[107.05765,-6.4156],[107.05757,-6.41496],[107.05507,-6.41391],[107.05437,-6.41265],[107.0545,-6.41189],[107.05555,-6.41117],[107.05778,-6.41115],[107.05833,-6.41052],[107.05679,-6.40801],[107.05683,-6.40707],[107.05537,-6.40654],[107.05438,-6.4068],[107.05447,-6.40512],[107.05681,-6.40408],[107.05699,-6.40291],[107.05898,-6.40305],[107.0588,-6.40077],[107.06127,-6.4015],[107.06218,-6.39965],[107.06051,-6.39835],[107.05534,-6.39704],[107.0545,-6.39587],[107.05153,-6.39426],[107.0483,-6.39642],[107.04719,-6.39798],[107.04723,-6.39953],[107.0461,-6.40285],[107.04437,-6.4045],[107.04359,-6.40454],[107.04172,-6.40681],[107.04112,-6.40699],[107.03829,-6.40529],[107.03539,-6.40567],[107.03337,-6.4092],[107.03181,-6.40993],[107.03071,-6.41153],[107.02961,-6.40996],[107.02685,-6.41027],[107.02683,-6.40901],[107.02336,-6.40964],[107.02312,-6.40421],[107.02023,-6.40398],[107.02081,-6.40135],[107.01985,-6.40039],[107.01904,-6.40016],[107.01067,-6.40283],[107.00865,-6.39973],[107.00845,-6.39639],[107.0092,-6.39433],[107.0111,-6.39194],[107.00563,-6.38938],[107.00667,-6.38751],[107.00478,-6.38786],[107.00636,-6.38449],[107.00536,-6.38078],[107.0066,-6.37754],[107.00352,-6.37601],[107.00342,-6.37778],[107.00186,-6.37894],[107.00024,-6.37896],[107.00062,-6.37796],[106.99876,-6.37711],[106.99568,-6.37862],[106.99441,-6.375],[106.9945,-6.37362],[106.99315,-6.3709],[106.99445,-6.36861],[106.99382,-6.3684],[106.99459,-6.36756],[106.99443,-6.36601],[106.99184,-6.36453],[106.9921,-6.36374],[106.99092,-6.36344],[106.99154,-6.36173],[106.99399,-6.36019],[106.99388,-6.35978],[106.99302,-6.36018],[106.99295,-6.35902],[106.99656,-6.35895],[106.99656,-6.35768],[106.99989,-6.35742],[106.99972,-6.35537],[107.00155,-6.35415],[107.00502,-6.35477],[107.00392,-6.35598],[107.00436,-6.35663],[107.00392,-6.35975],[107.00464,-6.36012],[107.00492,-6.36132],[107.0068,-6.36259],[107.00992,-6.35919],[107.01287,-6.3575],[107.01602,-6.35277],[107.01532,-6.35115],[107.0166,-6.34543],[107.01629,-6.34437],[107.0143,-6.34352],[107.01491,-6.34252],[107.01464,-6.34065],[107.01259,-6.33971],[107.01476,-6.33605],[107.01645,-6.33041],[107.01738,-6.32973],[107.0187,-6.33008],[107.02092,-6.32815],[107.02706,-6.33018],[107.02887,-6.3304],[107.02923,-6.32956],[107.03276,-6.32989],[107.03317,-6.32921],[107.03241,-6.32528],[107.03396,-6.32497],[107.03495,-6.32536],[107.03572,-6.3228],[107.03721,-6.32198],[107.03664,-6.32109],[107.03671,-6.31776],[107.03806,-6.31739],[107.03825,-6.3168],[107.0369,-6.31587],[107.03709,-6.31413],[107.03789,-6.31328],[107.03838,-6.31122],[107.03938,-6.31045],[107.0395,-6.30871],[107.04091,-6.30892],[107.04117,-6.30764],[107.03982,-6.30646],[107.03831,-6.30629],[107.04094,-6.29605],[107.04028,-6.2946],[107.04005,-6.2877],[107.03769,-6.286],[107.03792,-6.28434],[107.03728,-6.28311],[107.03452,-6.28159],[107.03255,-6.28128],[107.03232,-6.28186],[107.03136,-6.28186],[107.03036,-6.2812],[107.02926,-6.27883],[107.02763,-6.2779],[107.02664,-6.27924],[107.0249,-6.27897],[107.02249,-6.28034],[107.01539,-6.29115],[107.01457,-6.29077],[107.01563,-6.2874],[107.01403,-6.28642],[107.01461,-6.28369],[107.01399,-6.28258],[107.01426,-6.27974],[107.01665,-6.27611],[107.01762,-6.27294],[107.01778,-6.27116],[107.01638,-6.27021],[107.01711,-6.26833],[107.01639,-6.26563],[107.01682,-6.26435],[107.01776,-6.26293],[107.01999,-6.26358],[107.02259,-6.25742],[107.02378,-6.25657],[107.02439,-6.25501],[107.02854,-6.25262],[107.02961,-6.253],[107.03055,-6.24989],[107.03282,-6.24934],[107.03514,-6.24673],[107.03716,-6.24659],[107.03885,-6.24715],[107.04015,-6.24627],[107.04148,-6.24615],[107.0424,-6.23375],[107.03877,-6.23239],[107.03758,-6.22938],[107.03558,-6.22814],[107.03513,-6.22896],[107.03466,-6.22871],[107.03391,-6.22676],[107.03037,-6.22671],[107.03169,-6.22129],[107.03305,-6.21977],[107.03098,-6.21651],[107.03086,-6.21514],[107.03381,-6.21239],[107.03355,-6.21081],[107.03217,-6.20879],[107.03422,-6.20535],[107.03276,-6.20334],[107.03346,-6.20238],[107.03247,-6.1984],[107.02747,-6.19803],[107.02638,-6.19712],[107.02306,-6.19726],[107.01995,-6.19638],[107.01966,-6.19882],[107.01803,-6.1998],[107.01627,-6.1981],[107.01536,-6.19541],[107.01349,-6.19496],[107.01302,-6.19559],[107.01173,-6.19511],[107.01194,-6.1931],[107.01016,-6.19265],[107.00896,-6.19359],[107.0064,-6.19319],[107.00747,-6.18477],[107.00674,-6.18469],[107.00633,-6.18375],[107.00615,-6.18001],[107.0067,-6.18],[107.00697,-6.17924],[107.00706,-6.1771],[107.00978,-6.17692],[107.00978,-6.17474],[107.01052,-6.17481],[107.01062,-6.17243],[106.98787,-6.17238],[106.9878,-6.17292],[106.9802,-6.1724],[106.97906,-6.17247],[106.97918,-6.1758],[106.97173,-6.17482],[106.97106,-6.16564],[106.97107,-6.15469],[106.97149,-6.1522],[106.97213,-6.15153],[106.97168,-6.14612],[106.97282,-6.14629],[106.97279,-6.14562],[106.97196,-6.14547],[106.97167,-6.14353],[106.97035,-6.14292],[106.96915,-6.13332],[106.96947,-6.12726],[106.97031,-6.12706],[106.97084,-6.12486],[106.96966,-6.12059],[106.96993,-6.11186],[106.97048,-6.11104],[106.96997,-6.10206],[106.97041,-6.10021],[106.96993,-6.099],[106.9708,-6.09632],[106.96991,-6.09653],[106.96956,-6.09518],[106.97016,-6.09066],[106.97328,-6.09066],[106.97661,-6.08931],[106.98135,-6.08944],[106.98589,-6.08858],[106.98752,-6.08766],[106.99086,-6.08741],[106.99091,-6.08644],[106.99532,-6.08338],[106.99617,-6.08178],[106.99709,-6.08148],[106.996,-6.07772],[106.99794,-6.07682],[106.99959,-6.07698],[107.00235,-6.07857],[107.00252,-6.08045],[107.00419,-6.08045],[107.00455,-6.08137],[107.0073,-6.08212],[107.00771,-6.08075],[107.01212,-6.08083],[107.01408,-6.07968],[107.01586,-6.07948],[107.01057,-6.07472],[107.01102,-6.07376],[107.00917,-6.07531],[107.00725,-6.07467],[107.00648,-6.07532],[107.00124,-6.07186],[106.99856,-6.06936],[106.99797,-6.05978],[106.99575,-6.05746],[106.9936,-6.05598],[106.98931,-6.05428],[106.98731,-6.0543],[106.98346,-6.05583],[106.97641,-6.05521],[106.97434,-6.05017],[106.9742,-6.04883],[106.97574,-6.04657],[106.97957,-6.05034],[106.98361,-6.05072],[106.98678,-6.04588],[106.98825,-6.04526],[106.98964,-6.04711],[106.99124,-6.04762],[106.99629,-6.05228],[107.00818,-6.05746],[107.00582,-6.05274],[107.00562,-6.04992],[107.00607,-6.04935],[107.00561,-6.04841],[107.00703,-6.04738],[107.0065,-6.04573],[107.00695,-6.04429],[107.00855,-6.04272],[107.00818,-6.04176],[107.00473,-6.04185],[107.00551,-6.03797],[107.00683,-6.03773],[107.00803,-6.03589],[107.01116,-6.03467],[107.01212,-6.03319],[107.01379,-6.03485],[107.01482,-6.03468],[107.01548,-6.0338],[107.01508,-6.02933],[107.01312,-6.02746],[107.01265,-6.025],[107.01029,-6.02462],[107.01014,-6.02381],[107.008,-6.02383],[107.0067,-6.02455],[107.00124,-6.02472],[106.99678,-6.02648],[106.9946,-6.02796],[106.99306,-6.02813],[106.99252,-6.02701],[106.99315,-6.02609],[106.99201,-6.02617],[106.99345,-6.02279],[106.99379,-6.0201],[106.9928,-6.01446],[106.99018,-6.01138],[106.98898,-6.01076],[106.98449,-6.01092],[106.98625,-6.00985],[106.98588,-6.00892],[106.98524,-6.00889],[106.9854,-6.00821],[106.98792,-6.00689],[106.98821,-6.00619],[106.98718,-6.00567],[106.98811,-6.00448],[106.98959,-6.00449],[106.98938,-6.00323],[106.99213,-6.00325],[106.99495,-6.00206],[107.00095,-6.00252],[107.00426,-6.00121],[107.00777,-5.99823],[107.00703,-5.99712],[107.00825,-5.99503],[107.01219,-5.9806],[107.01448,-5.98073],[107.01352,-5.97705],[107.01518,-5.9754],[107.01671,-5.97092],[107.01575,-5.96042],[107.01621,-5.95852],[107.01381,-5.95139],[107.00939,-5.94277],[107.0075,-5.94085],[107.00595,-5.94025],[106.99567,-5.94039],[106.99323,-5.93948],[106.995,-5.93767],[106.99853,-5.93611],[106.99862,-5.93557],[106.99741,-5.93568],[106.99281,-5.93806],[106.99097,-5.93809],[106.99069,-5.9371],[106.99337,-5.93476],[106.99603,-5.93378],[106.99731,-5.93417],[106.99981,-5.93294],[107.01086,-5.92339],[107.01188,-5.92172],[107.01638,-5.91766],[107.02444,-5.91443],[107.03123,-5.91377],[107.03862,-5.91624],[107.03909,-5.91661],[107.03871,-5.91745],[107.03982,-5.91782],[107.04178,-5.92038],[107.05211,-5.92447],[107.05843,-5.92829],[107.06364,-5.93062],[107.07814,-5.93552],[107.08364,-5.93616],[107.08468,-5.93541],[107.08569,-5.93578],[107.08657,-5.93534],[107.09282,-5.93632],[107.09349,-5.93712],[107.09531,-5.93698],[107.09731,-5.93844],[107.09815,-5.94009]]}},{"type":"Feature","properties":{"t":"b"},"geometry":{"type":"MultiLineString","coordinates":[[[107.22051,-6.59075],[107.22414,-6.59595],[107.22711,-6.6021],[107.22247,-6.61023],[107.22201,-6.61249],[107.21883,-6.61439],[107.21459,-6.62012],[107.21328,-6.625],[107.21313,-6.6311],[107.21519,-6.63602],[107.21507,-6.6373],[107.20267,-6.6405],[107.19879,-6.64319],[107.19218,-6.64548],[107.18828,-6.64612],[107.18687,-6.64571],[107.18662,-6.64849],[107.18114,-6.64763],[107.17982,-6.64797],[107.17914,-6.64897],[107.17488,-6.64767],[107.17078,-6.64498],[107.16961,-6.64219],[107.16859,-6.64186],[107.16903,-6.64334],[107.16467,-6.6472],[107.16361,-6.64728],[107.16025,-6.64551],[107.15774,-6.6475],[107.15805,-6.65008],[107.1567,-6.65022],[107.15456,-6.64925],[107.15255,-6.64983],[107.15155,-6.65274],[107.15034,-6.65413],[107.15161,-6.66003],[107.15044,-6.66295],[107.14418,-6.66508],[107.14208,-6.66673],[107.14034,-6.66727],[107.13768,-6.66679],[107.13493,-6.67036],[107.13383,-6.67047],[107.13239,-6.66946],[107.13021,-6.66981],[107.1293,-6.66842],[107.12455,-6.66631],[107.12259,-6.66359],[107.12107,-6.66328],[107.11925,-6.66323],[107.11686,-6.66432],[107.11317,-6.66355],[107.10986,-6.66593],[107.10905,-6.66449],[107.10798,-6.66391],[107.10697,-6.66376],[107.10622,-6.66491],[107.10417,-6.66385],[107.10359,-6.66404],[107.10248,-6.66676],[107.10037,-6.66444],[107.09696,-6.66404],[107.0951,-6.66434],[107.0937,-6.66619],[107.08868,-6.66745],[107.08625,-6.66718],[107.08493,-6.66493],[107.07893,-6.66493],[107.07683,-6.6642],[107.07586,-6.66288],[107.07394,-6.66305],[107.07334,-6.6625],[107.07148,-6.66473],[107.06852,-6.66522],[107.06592,-6.66202],[107.06281,-6.66158],[107.06213,-6.66035],[107.05924,-6.66047],[107.05838,-6.65951],[107.0552,-6.65922],[107.05207,-6.65768],[107.05132,-6.65659],[107.04845,-6.657],[107.04684,-6.65824],[107.04593,-6.6567],[107.04279,-6.65668],[107.04041,-6.65981],[107.03848,-6.66086],[107.03532,-6.66054],[107.03314,-6.66293],[107.02833,-6.66239],[107.02675,-6.66321],[107.02544,-6.66242],[107.02495,-6.66342],[107.0241,-6.66304],[107.02114,-6.66407],[107.02106,-6.66507],[107.02034,-6.66574],[107.0193,-6.66572],[107.01859,-6.66663],[107.01589,-6.66797],[107.01295,-6.66646],[107.01183,-6.66485],[107.00941,-6.66473],[107.00753,-6.66599],[107.00613,-6.66815],[107.00356,-6.66805],[107.00039,-6.66652],[106.99825,-6.66751],[106.99648,-6.66671],[106.99391,-6.66811],[106.99095,-6.66847],[106.99506,-6.67848],[107.00099,-6.68273],[107.0034,-6.68536],[107.00405,-6.6876],[107.00659,-6.69213],[107.00636,-6.69352],[107.00418,-6.69558],[107.00314,-6.69752],[107.0,-6.69907],[106.99805,-6.70262],[106.9964,-6.70405],[106.99371,-6.70431],[106.99161,-6.7078],[106.99149,-6.7118],[106.99367,-6.71327],[106.99317,-6.71506],[106.99416,-6.71926],[106.99481,-6.72104],[106.99623,-6.72205],[106.99594,-6.72361],[106.99661,-6.72572],[106.99873,-6.7283],[106.99922,-6.73007],[106.9965,-6.73785],[106.99441,-6.73753],[106.99446,-6.73805],[106.99245,-6.73722],[106.99083,-6.73544],[106.98936,-6.73173],[106.9879,-6.73061],[106.98742,-6.73158],[106.9881,-6.73982],[106.98576,-6.7429],[106.98164,-6.74276],[106.97841,-6.74342],[106.97567,-6.74699],[106.974,-6.7518],[106.97417,-6.75427],[106.97579,-6.75984],[106.97434,-6.76529],[106.97147,-6.76751],[106.96516,-6.77034],[106.9623,-6.76459],[106.95829,-6.76141],[106.9532,-6.76015],[106.947,-6.76079],[106.93451,-6.76849],[106.93179,-6.77244],[106.92984,-6.77858],[106.92791,-6.78145],[106.921,-6.78661],[106.91796,-6.78747],[106.9046,-6.78852],[106.89986,-6.78822],[106.89729,-6.78633],[106.89407,-6.78578],[106.89291,-6.78636],[106.88729,-6.78545],[106.88447,-6.78279],[106.88236,-6.7821],[106.87876,-6.7813],[106.87358,-6.78204],[106.87145,-6.78169],[106.86486,-6.77796],[106.86065,-6.77755],[106.8586,-6.77673],[106.85307,-6.7774],[106.84876,-6.77704],[106.84398,-6.77562],[106.83872,-6.77151],[106.83782,-6.7699],[106.8357,-6.76946],[106.83136,-6.76699],[106.82648,-6.76787],[106.82447,-6.76914],[106.82223,-6.7696],[106.81452,-6.76854],[106.80767,-6.76429],[106.8022,-6.76246],[106.80023,-6.7588],[106.79973,-6.75898],[106.79829,-6.7567],[106.79828,-6.75509],[106.79496,-6.75384],[106.79309,-6.75238],[106.79108,-6.75372],[106.78786,-6.75423],[106.78667,-6.75595],[106.78144,-6.75442],[106.77757,-6.75477],[106.77638,-6.7534],[106.7726,-6.75121],[106.77085,-6.74912],[106.77051,-6.74785],[106.76649,-6.74434],[106.76599,-6.74071],[106.76474,-6.73973],[106.76429,-6.73679],[106.76273,-6.73621],[106.7615,-6.73331],[106.75778,-6.72755],[106.75265,-6.72389],[106.74602,-6.71809],[106.7406,-6.71532],[106.73692,-6.71592],[106.73483,-6.71543],[106.73263,-6.71571],[106.7292,-6.71739],[106.72524,-6.71835],[106.71392,-6.72913],[106.71085,-6.73096],[106.70644,-6.7317],[106.70272,-6.73336],[106.70274,-6.73494],[106.70174,-6.73569],[106.69939,-6.74178],[106.69381,-6.74481],[106.68836,-6.74471],[106.68291,-6.74585],[106.6758,-6.73787],[106.67421,-6.73298],[106.6732,-6.73164],[106.66981,-6.73553],[106.66752,-6.73662],[106.66486,-6.73529],[106.6602,-6.73167],[106.6591,-6.73178],[106.65701,-6.7358],[106.65601,-6.73931],[106.65769,-6.74502],[106.65605,-6.74775],[106.6541,-6.74874],[106.64203,-6.74903],[106.64037,-6.751],[106.63831,-6.75112],[106.63607,-6.75221],[106.63484,-6.75402],[106.63174,-6.755],[106.63091,-6.75474],[106.62998,-6.75223],[106.62589,-6.75116],[106.625,-6.75],[106.62296,-6.74899],[106.60404,-6.7493],[106.59908,-6.7488],[106.59635,-6.7481],[106.58896,-6.74373],[106.58672,-6.74157],[106.58474,-6.73724],[106.58491,-6.73283],[106.58368,-6.72868],[106.58332,-6.72353],[106.58238,-6.72112],[106.57991,-6.71846],[106.57584,-6.7174],[106.57412,-6.7202],[106.5686,-6.72263],[106.56663,-6.72772],[106.56265,-6.73113],[106.56081,-6.73348],[106.55994,-6.73828],[106.5503,-6.74774],[106.54794,-6.75079],[106.54257,-6.75027],[106.54151,-6.75084],[106.53817,-6.75073],[106.53328,-6.75148],[106.5285,-6.75617],[106.52543,-6.7579],[106.52459,-6.759],[106.52477,-6.76233],[106.52121,-6.76186],[106.51469,-6.75956],[106.50701,-6.75546],[106.4984,-6.75218],[106.47553,-6.75221],[106.46664,-6.75091],[106.46598,-6.75],[106.46571,-6.74348],[106.4632,-6.73688],[106.46028,-6.73453],[106.45383,-6.73077],[106.45169,-6.72892],[106.45062,-6.72684],[106.45047,-6.72339],[106.45148,-6.71444],[106.44911,-6.7071],[106.44591,-6.70296],[106.4399,-6.69899],[106.43683,-6.69592],[106.43285,-6.69043],[106.43071,-6.68612],[106.42939,-6.68211],[106.42877,-6.67667],[106.42973,-6.66506],[106.4315,-6.65274],[106.43075,-6.6439],[106.43175,-6.63652],[106.43035,-6.6253],[106.43056,-6.62395],[106.43152,-6.62327],[106.42877,-6.61856],[106.42736,-6.6108],[106.42934,-6.60172],[106.43037,-6.58995],[106.4264,-6.57429],[106.42436,-6.56896],[106.42042,-6.5638],[106.41633,-6.55975],[106.41654,-6.55862],[106.41866,-6.55703],[106.4229,-6.55194],[106.42332,-6.5505],[106.41593,-6.54433],[106.41406,-6.54209],[106.4117,-6.53755],[106.40872,-6.53451],[106.40748,-6.53003],[106.40789,-6.52805],[106.40728,-6.52635],[106.40752,-6.52394],[106.4048,-6.52204],[106.40459,-6.52114],[106.40537,-6.52042],[106.40479,-6.52015],[106.40507,-6.51976],[106.40349,-6.51655],[106.40334,-6.51525],[106.4047,-6.51288],[106.40486,-6.50192],[106.40613,-6.49778],[106.40598,-6.4964],[106.40858,-6.49287],[106.40967,-6.49259],[106.41116,-6.48909],[106.41142,-6.48614],[106.4126,-6.48307],[106.41126,-6.47728],[106.41171,-6.46739],[106.40991,-6.46524],[106.40949,-6.4632],[106.40749,-6.46041],[106.40588,-6.45928],[106.40468,-6.45917],[106.40438,-6.45788],[106.40488,-6.45677],[106.40213,-6.45609],[106.40295,-6.45558],[106.40259,-6.45517],[106.4012,-6.45571],[106.40109,-6.45473],[106.40183,-6.4543],[106.40114,-6.45283],[106.40642,-6.45069],[106.41091,-6.44762],[106.41541,-6.44579],[106.42065,-6.44759],[106.42658,-6.44747],[106.42654,-6.44915],[106.43726,-6.45012],[106.44036,-6.44992],[106.4404,-6.44721],[106.44233,-6.44592],[106.44238,-6.44512],[106.44027,-6.44424],[106.43871,-6.44553],[106.4379,-6.44424],[106.4398,-6.443],[106.44099,-6.44128],[106.44359,-6.4411],[106.44389,-6.43828],[106.44644,-6.43681],[106.4464,-6.4353],[106.44868,-6.4354],[106.45028,-6.43407],[106.45013,-6.43252],[106.44839,-6.4314],[106.44801,-6.43032],[106.44851,-6.42978],[106.45168,-6.42965],[106.45294,-6.42845],[106.45035,-6.42783],[106.44994,-6.42691],[106.45178,-6.42614],[106.45311,-6.42728],[106.45455,-6.42723],[106.45457,-6.42625],[106.45345,-6.42506],[106.45062,-6.42367],[106.44963,-6.42128],[106.44631,-6.42313],[106.44457,-6.4223],[106.44493,-6.42063],[106.4463,-6.41929],[106.44894,-6.41858],[106.45202,-6.41914],[106.45404,-6.41869],[106.45364,-6.41682],[106.45394,-6.41381],[106.45235,-6.41322],[106.45095,-6.41357],[106.44994,-6.41298],[106.4516,-6.40929],[106.451,-6.40701],[106.45027,-6.40693],[106.44955,-6.40888],[106.44704,-6.41066],[106.44424,-6.40791],[106.44399,-6.40481],[106.4419,-6.40548],[106.43931,-6.40444],[106.43816,-6.39956],[106.44176,-6.39821],[106.44205,-6.39632],[106.44154,-6.39613],[106.44,-6.39769],[106.43686,-6.3951],[106.43455,-6.39442],[106.43399,-6.39377],[106.43416,-6.39243],[106.43545,-6.39234],[106.43677,-6.39388],[106.43835,-6.39429],[106.43752,-6.3913],[106.43528,-6.39006],[106.43797,-6.38789],[106.43386,-6.38497],[106.43223,-6.38068],[106.43192,-6.37696],[106.42893,-6.37725],[106.42742,-6.3765],[106.4276,-6.37528],[106.43082,-6.3735],[106.42912,-6.37268],[106.42853,-6.36898],[106.42962,-6.36755],[106.43199,-6.36683],[106.42983,-6.36302],[106.43111,-6.36102],[106.43083,-6.35955],[106.4297,-6.35846],[106.43091,-6.35802],[106.43077,-6.35723],[106.42844,-6.35677],[106.42814,-6.35459],[106.42683,-6.35389],[106.42841,-6.35257],[106.42936,-6.35055],[106.42542,-6.34977],[106.4267,-6.34807],[106.42729,-6.34845],[106.42962,-6.34602],[106.43046,-6.34357],[106.43362,-6.34058],[106.44214,-6.32572],[106.4447,-6.32482],[106.44733,-6.3216],[106.45573,-6.31542],[106.45939,-6.31197],[106.46122,-6.31144],[106.46124,-6.31091],[106.46442,-6.30888],[106.46618,-6.30515],[106.46925,-6.30349],[106.47001,-6.30511],[106.47182,-6.30617],[106.47114,-6.30707],[106.47144,-6.30846],[106.47261,-6.30837],[106.47322,-6.30767],[106.47394,-6.30852],[106.4762,-6.30887],[106.47601,-6.31073],[106.47705,-6.31067],[106.47733,-6.31245],[106.47848,-6.31416],[106.47819,-6.31665],[106.47927,-6.31659],[106.47916,-6.31754],[106.48038,-6.31843],[106.48033,-6.32075],[106.48249,-6.32152],[106.48267,-6.32231],[106.48347,-6.32256],[106.48404,-6.32461],[106.48309,-6.32661],[106.48375,-6.32697],[106.48435,-6.32875],[106.48372,-6.32965],[106.48375,-6.33101],[106.4817,-6.33207],[106.48273,-6.33255],[106.48245,-6.33403],[106.48174,-6.3344],[106.48283,-6.33547],[106.48246,-6.33724],[106.48367,-6.33966],[106.48253,-6.3426],[106.48347,-6.34285],[106.48227,-6.34277],[106.48182,-6.34396],[106.47764,-6.3439],[106.47636,-6.34413],[106.47613,-6.34475],[106.47708,-6.34615],[106.47645,-6.34777],[106.4788,-6.34908],[106.48152,-6.34983],[106.48678,-6.34992],[106.48643,-6.35147],[106.48828,-6.35105],[106.48907,-6.35195],[106.49085,-6.35176],[106.4909,-6.35131],[106.50248,-6.35194],[106.50238,-6.35265],[106.50817,-6.35321],[106.51109,-6.35514],[106.51231,-6.35527],[106.51472,-6.35408],[106.51657,-6.35388],[106.5191,-6.35516],[106.52008,-6.35387],[106.52188,-6.35287],[106.52156,-6.35116],[106.5221,-6.35015],[106.52366,-6.3503],[106.52618,-6.34948],[106.52705,-6.3482],[106.52804,-6.34798],[106.52835,-6.3469],[106.52969,-6.34683],[106.52956,-6.34593],[106.5284,-6.34521],[106.53006,-6.34322],[106.53138,-6.34292],[106.53041,-6.34128],[106.53188,-6.33964],[106.53073,-6.3391],[106.52995,-6.3376],[106.52827,-6.33939],[106.52744,-6.33869],[106.52444,-6.33888],[106.52432,-6.33804],[106.52602,-6.33737],[106.5265,-6.33636],[106.52447,-6.33548],[106.5246,-6.33362],[106.52308,-6.33389],[106.52151,-6.33211],[106.52043,-6.33342],[106.51874,-6.33156],[106.5164,-6.33249],[106.5151,-6.33229],[106.51524,-6.32983],[106.51434,-6.32931],[106.51371,-6.32998],[106.51273,-6.32937],[106.51363,-6.32853],[106.51357,-6.32768],[106.51459,-6.32754],[106.5133,-6.32571],[106.51476,-6.32538],[106.51476,-6.32446],[106.51558,-6.32431],[106.51575,-6.3257],[106.51811,-6.32574],[106.51781,-6.32665],[106.51869,-6.32709],[106.51929,-6.32581],[106.52075,-6.32653],[106.52106,-6.32584],[106.52181,-6.32643],[106.52167,-6.32532],[106.52358,-6.32506],[106.52413,-6.32581],[106.52521,-6.32525],[106.52605,-6.32585],[106.52688,-6.32463],[106.52772,-6.32581],[106.52906,-6.32626],[106.52841,-6.32687],[106.52848,-6.32812],[106.53067,-6.32877],[106.52998,-6.32979],[106.53198,-6.32964],[106.53383,-6.33054],[106.53415,-6.3323],[106.5362,-6.33162],[106.53725,-6.3321],[106.53705,-6.33128],[106.53838,-6.33098],[106.54048,-6.3333],[106.54202,-6.33201],[106.54198,-6.33401],[106.54573,-6.33403],[106.54663,-6.33284],[106.54851,-6.3332],[106.54894,-6.33241],[106.54985,-6.33322],[106.55157,-6.33312],[106.5488,-6.33386],[106.54981,-6.33468],[106.55205,-6.33405],[106.55183,-6.33597],[106.5527,-6.33609],[106.55402,-6.33504],[106.55629,-6.33627],[106.5563,-6.33848],[106.55788,-6.33853],[106.55789,-6.34059],[106.55931,-6.34011],[106.55862,-6.33835],[106.55923,-6.337],[106.56033,-6.33864],[106.56113,-6.33822],[106.56394,-6.3396],[106.56425,-6.33829],[106.56635,-6.33748],[106.56703,-6.33842],[106.56837,-6.33882],[106.56943,-6.33817],[106.57037,-6.33903],[106.57306,-6.33845],[106.57515,-6.33987],[106.57404,-6.34158],[106.5746,-6.34194],[106.57646,-6.3412],[106.57633,-6.33858],[106.57729,-6.33857],[106.5774,-6.34027],[106.57989,-6.34158],[106.58288,-6.34462],[106.58239,-6.34584],[106.58498,-6.34645],[106.58598,-6.3474],[106.58736,-6.3474],[106.58727,-6.34829],[106.58853,-6.34748],[106.58796,-6.34881],[106.58872,-6.34982],[106.58764,-6.35154],[106.59006,-6.35224],[106.58897,-6.35289],[106.588,-6.35624],[106.59028,-6.35652],[106.58903,-6.35702],[106.59087,-6.35883],[106.59292,-6.35862],[106.59386,-6.36273],[106.59508,-6.36231],[106.59776,-6.36257],[106.59753,-6.36084],[106.59673,-6.35993],[106.59724,-6.3589],[106.59809,-6.35871],[106.6034,-6.3619],[106.62387,-6.36164],[106.65327,-6.36226],[106.65558,-6.36141],[106.65848,-6.36171],[106.66072,-6.36065],[106.67012,-6.35939],[106.67397,-6.35948],[106.67609,-6.35877],[106.68203,-6.35937],[106.68303,-6.35888],[106.69752,-6.35882],[106.70097,-6.36036],[106.70217,-6.36029],[106.70239,-6.35914],[106.71032,-6.35926],[106.71121,-6.35865],[106.71876,-6.35862],[106.71841,-6.36169],[106.71948,-6.36206],[106.71985,-6.36116],[106.72044,-6.36118],[106.72119,-6.36301],[106.72014,-6.36421],[106.71786,-6.36402],[106.71693,-6.36517],[106.71713,-6.36623],[106.71834,-6.36719],[106.71687,-6.36962],[106.71782,-6.37121],[106.72268,-6.37421],[106.72091,-6.37636],[106.72374,-6.37674],[106.72166,-6.37969],[106.72337,-6.38125],[106.72184,-6.38599],[106.72336,-6.38691],[106.72438,-6.38674],[106.72548,-6.38544],[106.72804,-6.38602],[106.72597,-6.38805],[106.72687,-6.38879],[106.72843,-6.38793],[106.72875,-6.38973],[106.727,-6.38946],[106.72693,-6.39182],[106.72763,-6.39246],[106.72746,-6.39346],[106.72857,-6.3943],[106.72695,-6.3943],[106.72625,-6.39618],[106.72782,-6.39577],[106.72936,-6.39645],[106.72862,-6.39737],[106.72858,-6.39861],[106.73094,-6.39925],[106.72974,-6.40004],[106.72968,-6.40202],[106.73138,-6.40233],[106.73123,-6.40451],[106.73204,-6.40467],[106.73192,-6.40565],[106.73284,-6.40559],[106.73243,-6.40674],[106.73138,-6.40694],[106.73202,-6.40856],[106.73076,-6.41014],[106.73104,-6.41151],[106.73041,-6.41449],[106.73261,-6.4145],[106.73373,-6.41619],[106.73727,-6.41901],[106.73705,-6.4199],[106.73559,-6.42043],[106.73622,-6.42099],[106.73534,-6.42263],[106.73593,-6.42389],[106.73681,-6.42388],[106.73682,-6.42435],[106.73532,-6.42528],[106.73523,-6.4263],[106.73295,-6.42648],[106.7327,-6.42707],[106.73354,-6.42856],[106.73282,-6.4293],[106.73416,-6.42956],[106.73635,-6.43187],[106.73582,-6.43401],[106.73673,-6.4346],[106.73746,-6.4378],[106.73841,-6.43892],[106.7555,-6.43909],[106.76016,-6.43864],[106.7656,-6.4393],[106.78868,-6.43938],[106.78856,-6.44075],[106.79156,-6.44079],[106.79205,-6.44185],[106.79528,-6.44155],[106.79575,-6.44739],[106.79435,-6.45114],[106.79697,-6.45075],[106.80183,-6.45123],[106.80204,-6.45018],[106.80159,-6.45012],[106.80146,-6.44929],[106.80154,-6.44886],[106.81448,-6.44849],[106.81456,-6.44696],[106.81273,-6.44606],[106.81295,-6.44424],[106.81671,-6.44509],[106.81986,-6.44385],[106.82325,-6.44439],[106.82379,-6.44678],[106.82285,-6.44831],[106.82306,-6.4491],[106.82192,-6.44917],[106.82055,-6.45193],[106.82114,-6.4539],[106.82211,-6.45414],[106.8223,-6.45269],[106.82342,-6.45196],[106.82534,-6.45247],[106.82462,-6.45418],[106.82537,-6.45571],[106.82416,-6.46187],[106.82635,-6.46057],[106.82633,-6.45974],[106.82744,-6.4588],[106.8277,-6.45798],[106.8269,-6.45691],[106.82821,-6.45457],[106.82906,-6.45519],[106.83203,-6.45481],[106.83276,-6.4562],[106.83332,-6.45623],[106.83324,-6.4541],[106.83208,-6.45349],[106.83215,-6.453],[106.8312,-6.45289],[106.83172,-6.45202],[106.83389,-6.45218],[106.83418,-6.4507],[106.83485,-6.45085],[106.83496,-6.45036],[106.83784,-6.4512],[106.83795,-6.44988],[106.83911,-6.44907],[106.84002,-6.45036],[106.84097,-6.45032],[106.84141,-6.4511],[106.84258,-6.44812],[106.84443,-6.44726],[106.84402,-6.44608],[106.84512,-6.44445],[106.84365,-6.44325],[106.84208,-6.44284],[106.84328,-6.43832],[106.8441,-6.43718],[106.84475,-6.43665],[106.84706,-6.43701],[106.85004,-6.436],[106.85275,-6.4361],[106.85222,-6.43794],[106.85356,-6.4438],[106.85329,-6.44869],[106.85545,-6.45555],[106.85864,-6.45593],[106.8592,-6.45515],[106.86068,-6.45617],[106.86096,-6.45551],[106.86123,-6.45626],[106.86302,-6.45568],[106.86443,-6.4565],[106.86511,-6.45631],[106.86562,-6.45709],[106.86614,-6.45662],[106.86902,-6.45678],[106.87201,-6.45589],[106.87625,-6.45825],[106.87883,-6.45732],[106.87875,-6.45855],[106.88035,-6.45765],[106.88025,-6.45617],[106.88139,-6.45685],[106.8822,-6.45634],[106.87882,-6.45377],[106.87961,-6.45298],[106.88087,-6.45439],[106.882,-6.45415],[106.8816,-6.45356],[106.88253,-6.45166],[106.88219,-6.45057],[106.88304,-6.45002],[106.88102,-6.44892],[106.88094,-6.44828],[106.88193,-6.44759],[106.88278,-6.44885],[106.88382,-6.44872],[106.8834,-6.4466],[106.88228,-6.44689],[106.88205,-6.44629],[106.88256,-6.44349],[106.88369,-6.44418],[106.88352,-6.4453],[106.8853,-6.44546],[106.88452,-6.44418],[106.88508,-6.44219],[106.88666,-6.44316],[106.88713,-6.44269],[106.88726,-6.44055],[106.88541,-6.44063],[106.88614,-6.43708],[106.8876,-6.43731],[106.88787,-6.43629],[106.88855,-6.43597],[106.88796,-6.43518],[106.88824,-6.43469],[106.88974,-6.43424],[106.89112,-6.43464],[106.89189,-6.4338],[106.89115,-6.43237],[106.89017,-6.43228],[106.89281,-6.4282],[106.89185,-6.42785],[106.89187,-6.4273],[106.89302,-6.42647],[106.89526,-6.42799],[106.89452,-6.42492],[106.8969,-6.42618],[106.89912,-6.42604],[106.89898,-6.42351],[106.89977,-6.4236],[106.90005,-6.42299],[106.89894,-6.42262],[106.8995,-6.42141],[106.89896,-6.41962],[106.89969,-6.41962],[106.90007,-6.42087],[106.90082,-6.41884],[106.90336,-6.41791],[106.90346,-6.41915],[106.90414,-6.41903],[106.90567,-6.41729],[106.90609,-6.41575],[106.90513,-6.41326],[106.90538,-6.41263],[106.90675,-6.41344],[106.90801,-6.41526],[106.90847,-6.41142],[106.90947,-6.41268],[106.91074,-6.41304],[106.9106,-6.41359],[106.91217,-6.4133],[106.91313,-6.41194],[106.91463,-6.4128],[106.91395,-6.41454],[106.91463,-6.41497],[106.91599,-6.41079],[106.91731,-6.40893],[106.91586,-6.40819],[106.91606,-6.40712],[106.91506,-6.40665],[106.91663,-6.40639],[106.91738,-6.40543],[106.91579,-6.40488],[106.91714,-6.40375],[106.91613,-6.40222],[106.91614,-6.40077],[106.91827,-6.40059],[106.91769,-6.39989],[106.91632,-6.40005],[106.91618,-6.39955],[106.91831,-6.39821],[106.91762,-6.39742],[106.91885,-6.3956],[106.92029,-6.39607],[106.92096,-6.39695],[106.92145,-6.39472],[106.92298,-6.39443],[106.92076,-6.39271],[106.92217,-6.39007],[106.9218,-6.3889],[106.92323,-6.38988],[106.92321,-6.38878],[106.92468,-6.38617],[106.9254,-6.38629],[106.92535,-6.38801],[106.92582,-6.38829],[106.92645,-6.38776],[106.92624,-6.3861],[106.92667,-6.38541],[106.9275,-6.38639],[106.92923,-6.38621],[106.9305,-6.38543],[106.93126,-6.38405],[106.93435,-6.38315],[106.93515,-6.38178],[106.93569,-6.38265],[106.93646,-6.38263],[106.93773,-6.38035],[106.93648,-6.38022],[106.93538,-6.37873],[106.93616,-6.37829],[106.93794,-6.37872],[106.93741,-6.37755],[106.93807,-6.37712],[106.93883,-6.37497],[106.93787,-6.37412],[106.94058,-6.37143],[106.93954,-6.37133],[106.93865,-6.37223],[106.93855,-6.37071],[106.94003,-6.37059],[106.94205,-6.36918],[106.94216,-6.36743],[106.94337,-6.36731],[106.94341,-6.36916],[106.94444,-6.3684],[106.94546,-6.36849],[106.94505,-6.3663],[106.94394,-6.36642],[106.94493,-6.36518],[106.94445,-6.36424],[106.94612,-6.36319],[106.94589,-6.36212],[106.94676,-6.36148],[106.94651,-6.36073],[106.94714,-6.36019],[106.94602,-6.36026],[106.94476,-6.359],[106.94387,-6.35962],[106.9439,-6.35803],[106.94704,-6.3582],[106.94621,-6.35942],[106.94859,-6.35871],[106.94748,-6.35817],[106.94737,-6.3575],[106.94939,-6.35518],[106.94951,-6.35409],[106.95072,-6.3533],[106.95219,-6.35388],[106.95228,-6.35284],[106.95028,-6.35161],[106.95022,-6.3509],[106.95205,-6.34914],[106.95332,-6.35116],[106.95396,-6.34917],[106.95335,-6.34832],[106.95213,-6.34863],[106.95026,-6.34415],[106.95464,-6.34441],[106.95473,-6.34329],[106.9531,-6.34277],[106.95283,-6.34019],[106.95495,-6.33996],[106.95549,-6.339],[106.9571,-6.3395],[106.95689,-6.33754],[106.95943,-6.33542],[106.96004,-6.33572],[106.96113,-6.33515],[106.96169,-6.33599],[106.96159,-6.33382],[106.96238,-6.3332],[106.96133,-6.33252],[106.96037,-6.33355],[106.96023,-6.33148],[106.96119,-6.33064],[106.9623,-6.33101],[106.96208,-6.32961],[106.96343,-6.32889],[106.96237,-6.32702],[106.96158,-6.32833],[106.96084,-6.32616],[106.96149,-6.32586],[106.96369,-6.32672],[106.96465,-6.32528],[106.96439,-6.3247],[106.96174,-6.32511],[106.96191,-6.32273],[106.96025,-6.32139],[106.96198,-6.32011],[106.96243,-6.31806],[106.9635,-6.31821],[106.96366,-6.31758],[106.96361,-6.3168],[106.96097,-6.31522],[106.9603,-6.31299],[106.96068,-6.31221],[106.96316,-6.31271],[106.96337,-6.31224],[106.96242,-6.31017],[106.96097,-6.30962],[106.96117,-6.30859],[106.96147,-6.30826],[106.96306,-6.30897],[106.96401,-6.30848],[106.96377,-6.31011],[106.96505,-6.31018],[106.96466,-6.30881],[106.96534,-6.30682],[106.96644,-6.30714],[106.96656,-6.30677],[106.96452,-6.30514],[106.96696,-6.30519],[106.96608,-6.30425],[106.96677,-6.30307],[106.9676,-6.30452],[106.97,-6.30565],[106.97049,-6.30524],[106.97026,-6.30462],[106.96903,-6.304],[106.96951,-6.30295],[106.96831,-6.3031],[106.97055,-6.30223],[106.97056,-6.3042],[106.97211,-6.30399],[106.9733,-6.3116],[106.97434,-6.3124],[106.97988,-6.31394],[106.98087,-6.31508],[106.97635,-6.31918],[106.97726,-6.32178],[106.97668,-6.32395],[106.97722,-6.32662],[106.97696,-6.33139],[106.97524,-6.33178],[106.97482,-6.33026],[106.97409,-6.33013],[106.97249,-6.33193],[106.97255,-6.33296],[106.97463,-6.33323],[106.97546,-6.33521],[106.97417,-6.33591],[106.97284,-6.33861],[106.97284,-6.34008],[106.97575,-6.33944],[106.97574,-6.34094],[106.97148,-6.34295],[106.96864,-6.34145],[106.9666,-6.34166],[106.96619,-6.34242],[106.96805,-6.34302],[106.96849,-6.34514],[106.97003,-6.34641],[106.97263,-6.34666],[106.97208,-6.34788],[106.9696,-6.34911],[106.96998,-6.34954],[106.973,-6.35157],[106.97707,-6.35325],[106.97687,-6.35522],[106.97999,-6.35677],[106.98015,-6.35745],[106.98194,-6.35786],[106.9808,-6.36072],[106.97917,-6.36195],[106.97973,-6.36428],[106.98711,-6.3637],[106.98732,-6.36301],[106.98812,-6.36311],[106.98811,-6.3624],[106.9921,-6.36374],[106.99184,-6.36453],[106.99443,-6.36601],[106.99459,-6.36756],[106.99382,-6.3684],[106.99445,-6.36861],[106.99315,-6.3709],[106.9945,-6.37362],[106.99441,-6.375],[106.99568,-6.37862],[106.99876,-6.37711],[107.00062,-6.37796],[107.00024,-6.37896],[107.00186,-6.37894],[107.00342,-6.37778],[107.00352,-6.37601],[107.0066,-6.37754],[107.00536,-6.38078],[107.00636,-6.38449],[107.00478,-6.38786],[107.00667,-6.38751],[107.00563,-6.38938],[107.0111,-6.39194],[107.00848,-6.39585],[107.0085,-6.39929],[107.01031,-6.40257],[107.01904,-6.40016],[107.01985,-6.40039],[107.02081,-6.40135],[107.02023,-6.40398],[107.02312,-6.40421],[107.02336,-6.40964],[107.02683,-6.40901],[107.02685,-6.41027],[107.02961,-6.40996],[107.03071,-6.41153],[107.03181,-6.40993],[107.03337,-6.4092],[107.03539,-6.40567],[107.03829,-6.40529],[107.04112,-6.40699],[107.04172,-6.40681],[107.04359,-6.40454],[107.04437,-6.4045],[107.0461,-6.40285],[107.04723,-6.39953],[107.04719,-6.39798],[107.0483,-6.39642],[107.05153,-6.39426],[107.0545,-6.39587],[107.05534,-6.39704],[107.06051,-6.39835],[107.06218,-6.39965],[107.06127,-6.4015],[107.0588,-6.40077],[107.05898,-6.40305],[107.05699,-6.40291],[107.05681,-6.40408],[107.05447,-6.40512],[107.05438,-6.4068],[107.05537,-6.40654],[107.05683,-6.40707],[107.05679,-6.40801],[107.05833,-6.41052],[107.05778,-6.41115],[107.05555,-6.41117],[107.0545,-6.41189],[107.05437,-6.41265],[107.05507,-6.41391],[107.05757,-6.41496],[107.05765,-6.4156],[107.0555,-6.41659],[107.05544,-6.41555],[107.05222,-6.41535],[107.05115,-6.41733],[107.05427,-6.42003],[107.05538,-6.41884],[107.0555,-6.41753],[107.05653,-6.41776],[107.05669,-6.42235],[107.05841,-6.42307],[107.05716,-6.4242],[107.05892,-6.42673],[107.05592,-6.42747],[107.05455,-6.4292],[107.05495,-6.42951],[107.05589,-6.42903],[107.05645,-6.43036],[107.05727,-6.42951],[107.05782,-6.42963],[107.05811,-6.43067],[107.05917,-6.43142],[107.05953,-6.4341],[107.06042,-6.43459],[107.06151,-6.43377],[107.06313,-6.43387],[107.06443,-6.43511],[107.07415,-6.44069],[107.07863,-6.44244],[107.08122,-6.44429],[107.08271,-6.44894],[107.08545,-6.45003],[107.08639,-6.44979],[107.08645,-6.45064],[107.08737,-6.45043],[107.08737,-6.44967],[107.0892,-6.44957],[107.08959,-6.45101],[107.09091,-6.45056],[107.09966,-6.45366],[107.10602,-6.45847],[107.10637,-6.46003],[107.10846,-6.4609],[107.10983,-6.46092],[107.10997,-6.46049],[107.11144,-6.46087],[107.11072,-6.46211],[107.1125,-6.46331],[107.11297,-6.46456],[107.11643,-6.46696],[107.11804,-6.46637],[107.12177,-6.46842],[107.12346,-6.4682],[107.1254,-6.47012],[107.13084,-6.47107],[107.13051,-6.46983],[107.12928,-6.47001],[107.13143,-6.46808],[107.13288,-6.46863],[107.13201,-6.46783],[107.13338,-6.46696],[107.13192,-6.4658],[107.13254,-6.46551],[107.13196,-6.46409],[107.13251,-6.4637],[107.13398,-6.46478],[107.13543,-6.46694],[107.13837,-6.46821],[107.13886,-6.46968],[107.14084,-6.47165],[107.14456,-6.47162],[107.14607,-6.47285],[107.14664,-6.47161],[107.15146,-6.47422],[107.15624,-6.47549],[107.15968,-6.47826],[107.16374,-6.48026],[107.16574,-6.48255],[107.16987,-6.48395],[107.1716,-6.48564],[107.17387,-6.48486],[107.17439,-6.49055],[107.17107,-6.49173],[107.17078,-6.49426],[107.1723,-6.49379],[107.1739,-6.49427],[107.17492,-6.49528],[107.17509,-6.49666],[107.17114,-6.49887],[107.16971,-6.49872],[107.16419,-6.50093],[107.16514,-6.50454],[107.1642,-6.50625],[107.1651,-6.50836],[107.16439,-6.51084],[107.1654,-6.5119],[107.16766,-6.51105],[107.16781,-6.5145],[107.16621,-6.5161],[107.16854,-6.51724],[107.16852,-6.51984],[107.16902,-6.52152],[107.16982,-6.5217],[107.16907,-6.52278],[107.17117,-6.52302],[107.1727,-6.52571],[107.17234,-6.52678],[107.17375,-6.52704],[107.17394,-6.52793],[107.17493,-6.5287],[107.17525,-6.53001],[107.17471,-6.53104],[107.17547,-6.53178],[107.17434,-6.53266],[107.17581,-6.53324],[107.17663,-6.53298],[107.176,-6.53677],[107.17809,-6.54036],[107.17735,-6.54316],[107.17826,-6.54499],[107.17778,-6.54634],[107.17884,-6.5478],[107.17805,-6.54927],[107.17872,-6.5503],[107.17867,-6.55198],[107.18125,-6.5532],[107.1815,-6.55454],[107.18431,-6.55556],[107.18541,-6.55771],[107.18504,-6.55924],[107.18594,-6.56084],[107.18762,-6.56174],[107.18957,-6.56162],[107.1906,-6.56513],[107.19039,-6.56755],[107.19121,-6.56895],[107.19077,-6.5717],[107.19227,-6.57406],[107.19311,-6.57829],[107.20264,-6.58477],[107.20512,-6.58703],[107.20785,-6.5883],[107.21352,-6.5905],[107.22051,-6.59075]],[[106.79741,-6.64353],[106.80136,-6.64841],[106.80293,-6.6477],[106.80524,-6.649],[106.80477,-6.65087],[106.80593,-6.65185],[106.80863,-6.64867],[106.80956,-6.6462],[106.81042,-6.64635],[106.81053,-6.64925],[106.80856,-6.65232],[106.8087,-6.65618],[106.81009,-6.65671],[106.81145,-6.65852],[106.81293,-6.65906],[106.81337,-6.66025],[106.81563,-6.66135],[106.81657,-6.66332],[106.81632,-6.66555],[106.8185,-6.66636],[106.81918,-6.67205],[106.82195,-6.67328],[106.82229,-6.67479],[106.82412,-6.67491],[106.82621,-6.67624],[106.82645,-6.67719],[106.82956,-6.67872],[106.83082,-6.67995],[106.83102,-6.68108],[106.83263,-6.68132],[106.83476,-6.67763],[106.83624,-6.67848],[106.83985,-6.67868],[106.84031,-6.67945],[106.84092,-6.67941],[106.84513,-6.67815],[106.84579,-6.67699],[106.84811,-6.67624],[106.84488,-6.66207],[106.84733,-6.6551],[106.84825,-6.64727],[106.84592,-6.64093],[106.84097,-6.63438],[106.83809,-6.62932],[106.83193,-6.61298],[106.8316,-6.59929],[106.83805,-6.57943],[106.83591,-6.57493],[106.83478,-6.56745],[106.83306,-6.56513],[106.83217,-6.56241],[106.83027,-6.56051],[106.83057,-6.55776],[106.82983,-6.55652],[106.83022,-6.5547],[106.82935,-6.55045],[106.82598,-6.54775],[106.82539,-6.54521],[106.82392,-6.54716],[106.82354,-6.54683],[106.82327,-6.54515],[106.82453,-6.54446],[106.82407,-6.54251],[106.82351,-6.54255],[106.82336,-6.54363],[106.82245,-6.54274],[106.81829,-6.54236],[106.8189,-6.53821],[106.81816,-6.53876],[106.81145,-6.53878],[106.81174,-6.53954],[106.81082,-6.54324],[106.80978,-6.54455],[106.80972,-6.54639],[106.80947,-6.54574],[106.80585,-6.54558],[106.80593,-6.54106],[106.80401,-6.54113],[106.80088,-6.5428],[106.8004,-6.54237],[106.79947,-6.5449],[106.79966,-6.54719],[106.79899,-6.54719],[106.79938,-6.55174],[106.79889,-6.55191],[106.79852,-6.55098],[106.79734,-6.55053],[106.79637,-6.55093],[106.7963,-6.5497],[106.79745,-6.54709],[106.79597,-6.54686],[106.79554,-6.54607],[106.79313,-6.54603],[106.7934,-6.54376],[106.78997,-6.54297],[106.78988,-6.53919],[106.79039,-6.53918],[106.79067,-6.53779],[106.7912,-6.53779],[106.79137,-6.5366],[106.79311,-6.53655],[106.79364,-6.5324],[106.79269,-6.52899],[106.79142,-6.52797],[106.78987,-6.52764],[106.79025,-6.52216],[106.78916,-6.51804],[106.78801,-6.51603],[106.78704,-6.51552],[106.78686,-6.51422],[106.78306,-6.51507],[106.77579,-6.51492],[106.77575,-6.51557],[106.77222,-6.51505],[106.76539,-6.5154],[106.76512,-6.51571],[106.76623,-6.51649],[106.76536,-6.51681],[106.76556,-6.51785],[106.76637,-6.51813],[106.76638,-6.5194],[106.76464,-6.52097],[106.76493,-6.52158],[106.7641,-6.52304],[106.76506,-6.52375],[106.76435,-6.52506],[106.76612,-6.52736],[106.76462,-6.52897],[106.76492,-6.53051],[106.76341,-6.53286],[106.76418,-6.53449],[106.76387,-6.53972],[106.76429,-6.54241],[106.76526,-6.54381],[106.76452,-6.54554],[106.76291,-6.54698],[106.76022,-6.54713],[106.7607,-6.54983],[106.7589,-6.54955],[106.75783,-6.55038],[106.75763,-6.55141],[106.75632,-6.55189],[106.75552,-6.55094],[106.75487,-6.5483],[106.75411,-6.54855],[106.75324,-6.55083],[106.75204,-6.55106],[106.75061,-6.54998],[106.74967,-6.54715],[106.74797,-6.54782],[106.74823,-6.54611],[106.74709,-6.54513],[106.74687,-6.54369],[106.74457,-6.54388],[106.74083,-6.54284],[106.73918,-6.54826],[106.73755,-6.54964],[106.73765,-6.55083],[106.73834,-6.55053],[106.73809,-6.55118],[106.73676,-6.55274],[106.73678,-6.55379],[106.73781,-6.55483],[106.73587,-6.55404],[106.73544,-6.55452],[106.73546,-6.55959],[106.7348,-6.55994],[106.73536,-6.56541],[106.73653,-6.5664],[106.73966,-6.56612],[106.73967,-6.56719],[106.74051,-6.56689],[106.74017,-6.56817],[106.742,-6.56822],[106.74138,-6.57011],[106.73846,-6.57104],[106.739,-6.57237],[106.74041,-6.57308],[106.74087,-6.57501],[106.74213,-6.57605],[106.74453,-6.57625],[106.74389,-6.57467],[106.74437,-6.57363],[106.74493,-6.57434],[106.7465,-6.57455],[106.74711,-6.57421],[106.747,-6.57276],[106.74982,-6.57234],[106.75148,-6.57344],[106.75342,-6.57621],[106.75512,-6.57642],[106.75625,-6.57727],[106.75656,-6.57867],[106.75792,-6.57899],[106.75846,-6.58038],[106.76021,-6.58133],[106.76049,-6.58229],[106.76297,-6.58306],[106.76255,-6.58358],[106.76284,-6.58474],[106.76456,-6.58708],[106.76368,-6.58746],[106.76517,-6.58905],[106.76513,-6.5904],[106.7663,-6.592],[106.76632,-6.59466],[106.76758,-6.59568],[106.7699,-6.59568],[106.76994,-6.59682],[106.77074,-6.59684],[106.77136,-6.59873],[106.77367,-6.5995],[106.77381,-6.60049],[106.77446,-6.60047],[106.77399,-6.60122],[106.77547,-6.60399],[106.77509,-6.60503],[106.77556,-6.60616],[106.7767,-6.60602],[106.77694,-6.6067],[106.77872,-6.60713],[106.77872,-6.60877],[106.77927,-6.60878],[106.77957,-6.61097],[106.78016,-6.61165],[106.78065,-6.61079],[106.78191,-6.61094],[106.78173,-6.61348],[106.78327,-6.61569],[106.78432,-6.61571],[106.78369,-6.61857],[106.78458,-6.61871],[106.78441,-6.62113],[106.78562,-6.62155],[106.78637,-6.62475],[106.78735,-6.62435],[106.78743,-6.62502],[106.7889,-6.62525],[106.79047,-6.62749],[106.78907,-6.62937],[106.7881,-6.62959],[106.7882,-6.63148],[106.786,-6.63349],[106.78611,-6.63543],[106.78523,-6.63616],[106.78545,-6.63897],[106.78402,-6.64263],[106.78333,-6.64282],[106.78256,-6.64424],[106.78282,-6.64509],[106.7812,-6.6459],[106.77786,-6.64963],[106.77745,-6.65057],[106.77832,-6.6511],[106.77833,-6.652],[106.77966,-6.65347],[106.77899,-6.65609],[106.77767,-6.65644],[106.77959,-6.65661],[106.78088,-6.65762],[106.78133,-6.65652],[106.78197,-6.6567],[106.78212,-6.65822],[106.78472,-6.65813],[106.78594,-6.65918],[106.78696,-6.65924],[106.78929,-6.65706],[106.79033,-6.65513],[106.79058,-6.65316],[106.79219,-6.65375],[106.7938,-6.65174],[106.79454,-6.64851],[106.79524,-6.64789],[106.79504,-6.64219],[106.79682,-6.64263],[106.79741,-6.64353]]]}},{"type":"Feature","properties":{"t":"b"},"geometry":{"type":"LineString","coordinates":[[106.72508,-6.08936],[106.72404,-6.08949],[106.72206,-6.09192],[106.72081,-6.09133],[106.71904,-6.09259],[106.71859,-6.09187],[106.71296,-6.09417],[106.712,-6.09589],[106.70995,-6.09527],[106.70961,-6.09586],[106.70595,-6.096],[106.70498,-6.09554],[106.70287,-6.09649],[106.70015,-6.09601],[106.69745,-6.09658],[106.69343,-6.09559],[106.69133,-6.09584],[106.68846,-6.09761],[106.68686,-6.09714],[106.67725,-6.09799],[106.67579,-6.09861],[106.67555,-6.1021],[106.67266,-6.10313],[106.67018,-6.10296],[106.67011,-6.10343],[106.6707,-6.10347],[106.67179,-6.10555],[106.67901,-6.10279],[106.68086,-6.10817],[106.67846,-6.10972],[106.68081,-6.11586],[106.66956,-6.12032],[106.66689,-6.11992],[106.66027,-6.12248],[106.65727,-6.11563],[106.64391,-6.1209],[106.64224,-6.11702],[106.64166,-6.11035],[106.6424,-6.10777],[106.63908,-6.10627],[106.63649,-6.10816],[106.63513,-6.10768],[106.63276,-6.11223],[106.63258,-6.1158],[106.63133,-6.11727],[106.63209,-6.12023],[106.63046,-6.1212],[106.62917,-6.1207],[106.62896,-6.11978],[106.62643,-6.1207],[106.62306,-6.12069],[106.62056,-6.12271],[106.61763,-6.12294],[106.61583,-6.12514],[106.61395,-6.12607],[106.61404,-6.13161],[106.61302,-6.13333],[106.61135,-6.13423],[106.61082,-6.13568],[106.61331,-6.13895],[106.61568,-6.14053],[106.61574,-6.14135],[106.6138,-6.14482],[106.61335,-6.14767],[106.59248,-6.14765],[106.59247,-6.14828],[106.59149,-6.14838],[106.59103,-6.14693],[106.59015,-6.14856],[106.59086,-6.14997],[106.59155,-6.15785],[106.59109,-6.15783],[106.59097,-6.15904],[106.58906,-6.16046],[106.5885,-6.16157],[106.58646,-6.16245],[106.58355,-6.16228],[106.58258,-6.16384],[106.58261,-6.1669],[106.58064,-6.16697],[106.57922,-6.16993],[106.57864,-6.17004],[106.57922,-6.17204],[106.57686,-6.1725],[106.57536,-6.17389],[106.57331,-6.1739],[106.57219,-6.17485],[106.56846,-6.17494],[106.56628,-6.17697],[106.56562,-6.17691],[106.56537,-6.17821],[106.56473,-6.17811],[106.56487,-6.17978],[106.56364,-6.17942],[106.56167,-6.18077],[106.56104,-6.18019],[106.56059,-6.18055],[106.56094,-6.1816],[106.55606,-6.18342],[106.55457,-6.1845],[106.55386,-6.1837],[106.55308,-6.18513],[106.55265,-6.18479],[106.55261,-6.18754],[106.55338,-6.18813],[106.55189,-6.1881],[106.55164,-6.18904],[106.55146,-6.19002],[106.55259,-6.19012],[106.55194,-6.19485],[106.55335,-6.19503],[106.55323,-6.19692],[106.55394,-6.19765],[106.55277,-6.19836],[106.55261,-6.19949],[106.55372,-6.19879],[106.5562,-6.19892],[106.558,-6.20027],[106.55808,-6.20146],[106.5639,-6.20444],[106.56512,-6.20443],[106.56908,-6.20627],[106.56658,-6.20831],[106.5649,-6.21124],[106.5698,-6.21279],[106.56976,-6.2132],[106.57056,-6.21325],[106.57062,-6.21226],[106.57141,-6.21229],[106.57133,-6.21414],[106.57335,-6.21431],[106.57325,-6.21553],[106.58032,-6.21634],[106.58099,-6.21831],[106.58324,-6.22023],[106.58286,-6.22067],[106.58712,-6.22148],[106.58803,-6.22243],[106.59147,-6.2227],[106.59143,-6.22168],[106.59067,-6.22166],[106.59276,-6.21937],[106.59285,-6.21822],[106.59362,-6.21809],[106.59478,-6.21466],[106.59377,-6.21345],[106.59472,-6.21088],[106.59461,-6.20831],[106.59561,-6.20733],[106.5957,-6.20583],[106.59702,-6.20763],[106.59994,-6.20738],[106.59993,-6.20555],[106.6013,-6.20577],[106.60476,-6.20843],[106.60324,-6.21073],[106.60243,-6.2134],[106.60463,-6.21447],[106.60837,-6.21491],[106.60869,-6.21556],[106.60931,-6.21493],[106.61056,-6.21494],[106.61261,-6.21582],[106.60957,-6.22034],[106.61169,-6.22029],[106.61324,-6.22223],[106.61324,-6.22353],[106.61092,-6.22497],[106.61798,-6.22491],[106.61912,-6.22696],[106.62619,-6.22723],[106.62812,-6.22785],[106.62919,-6.22732],[106.63046,-6.22551],[106.63657,-6.22874],[106.63949,-6.231],[106.63671,-6.23667],[106.63768,-6.23815],[106.64433,-6.24249],[106.64396,-6.24752],[106.64625,-6.25596],[106.64906,-6.26103],[106.64739,-6.26585],[106.64928,-6.26776],[106.65186,-6.26903],[106.65101,-6.27258],[106.64904,-6.27425],[106.64689,-6.27492],[106.64603,-6.27605],[106.64649,-6.27918],[106.64796,-6.28189],[106.64996,-6.28393],[106.65582,-6.28633],[106.65687,-6.28759],[106.65752,-6.29001],[106.65401,-6.29377],[106.65341,-6.29716],[106.65387,-6.29956],[106.65582,-6.30104],[106.65674,-6.3059],[106.65887,-6.30861],[106.65774,-6.31152],[106.6554,-6.31378],[106.65538,-6.31591],[106.65638,-6.31683],[106.65951,-6.31548],[106.66089,-6.31568],[106.66231,-6.31758],[106.66174,-6.31837],[106.65914,-6.31802],[106.65758,-6.32482],[106.66066,-6.32736],[106.66062,-6.32804],[106.65765,-6.33069],[106.65683,-6.33283],[106.65457,-6.33541],[106.65097,-6.33718],[106.6472,-6.34006],[106.64718,-6.34367],[106.65021,-6.34709],[106.65425,-6.3502],[106.65506,-6.35155],[106.65556,-6.35599],[106.65684,-6.35727],[106.65685,-6.35952],[106.65612,-6.36013],[106.65357,-6.36056],[106.6513,-6.36224],[106.62387,-6.36164],[106.60412,-6.36193],[106.60154,-6.36117],[106.59809,-6.35871],[106.59724,-6.3589],[106.59673,-6.35993],[106.59753,-6.36084],[106.59776,-6.36257],[106.59508,-6.36231],[106.59386,-6.36273],[106.59292,-6.35862],[106.59087,-6.35883],[106.58903,-6.35702],[106.59028,-6.35652],[106.588,-6.35624],[106.58897,-6.35289],[106.59006,-6.35224],[106.58764,-6.35154],[106.58872,-6.34982],[106.58796,-6.34881],[106.58853,-6.34748],[106.58727,-6.34829],[106.58736,-6.3474],[106.58598,-6.3474],[106.58498,-6.34645],[106.58239,-6.34584],[106.58288,-6.34462],[106.57989,-6.34158],[106.5774,-6.34027],[106.57729,-6.33857],[106.57633,-6.33858],[106.57646,-6.3412],[106.5746,-6.34194],[106.57404,-6.34158],[106.57515,-6.33987],[106.57306,-6.33845],[106.57037,-6.33903],[106.56943,-6.33817],[106.56837,-6.33882],[106.56703,-6.33842],[106.56635,-6.33748],[106.56425,-6.33829],[106.56394,-6.3396],[106.56113,-6.33822],[106.56033,-6.33864],[106.55923,-6.337],[106.55862,-6.33835],[106.55931,-6.34011],[106.55789,-6.34059],[106.55788,-6.33853],[106.5563,-6.33848],[106.55629,-6.33627],[106.55402,-6.33504],[106.5527,-6.33609],[106.55183,-6.33597],[106.55205,-6.33405],[106.54981,-6.33468],[106.5488,-6.33386],[106.55157,-6.33312],[106.54985,-6.33322],[106.54894,-6.33241],[106.54851,-6.3332],[106.54663,-6.33284],[106.54573,-6.33403],[106.54198,-6.33401],[106.54202,-6.33201],[106.54048,-6.3333],[106.53838,-6.33098],[106.53705,-6.33128],[106.53725,-6.3321],[106.5362,-6.33162],[106.53415,-6.3323],[106.53383,-6.33054],[106.53198,-6.32964],[106.52998,-6.32979],[106.53067,-6.32877],[106.52848,-6.32812],[106.52841,-6.32687],[106.52906,-6.32626],[106.52772,-6.32581],[106.52688,-6.32463],[106.52605,-6.32585],[106.52521,-6.32525],[106.52413,-6.32581],[106.52358,-6.32506],[106.52167,-6.32532],[106.52181,-6.32643],[106.52106,-6.32584],[106.52075,-6.32653],[106.51929,-6.32581],[106.51869,-6.32709],[106.51781,-6.32665],[106.51811,-6.32574],[106.51575,-6.3257],[106.51558,-6.32431],[106.51476,-6.32446],[106.51476,-6.32538],[106.5133,-6.32571],[106.51459,-6.32754],[106.51357,-6.32768],[106.51363,-6.32853],[106.51273,-6.32937],[106.51371,-6.32998],[106.51434,-6.32931],[106.51524,-6.32983],[106.5151,-6.33229],[106.5164,-6.33249],[106.51874,-6.33156],[106.52043,-6.33342],[106.52151,-6.33211],[106.52308,-6.33389],[106.5246,-6.33362],[106.52447,-6.33548],[106.5265,-6.33636],[106.52602,-6.33737],[106.52432,-6.33804],[106.52444,-6.33888],[106.52744,-6.33869],[106.52827,-6.33939],[106.52995,-6.3376],[106.53073,-6.3391],[106.53188,-6.33964],[106.53041,-6.34128],[106.53138,-6.34292],[106.53006,-6.34322],[106.5284,-6.34521],[106.52956,-6.34593],[106.52969,-6.34683],[106.52835,-6.3469],[106.52804,-6.34798],[106.52705,-6.3482],[106.52618,-6.34948],[106.52366,-6.3503],[106.5221,-6.35015],[106.52156,-6.35116],[106.52188,-6.35287],[106.52008,-6.35387],[106.5191,-6.35516],[106.51657,-6.35388],[106.51472,-6.35408],[106.51231,-6.35527],[106.51109,-6.35514],[106.50817,-6.35321],[106.50238,-6.35265],[106.50248,-6.35194],[106.4909,-6.35131],[106.49085,-6.35176],[106.48907,-6.35195],[106.48828,-6.35105],[106.48643,-6.35147],[106.4868,-6.34992],[106.48091,-6.34975],[106.47645,-6.34777],[106.4771,-6.34656],[106.47616,-6.34507],[106.47636,-6.34413],[106.48182,-6.34396],[106.48227,-6.34277],[106.48347,-6.34285],[106.48253,-6.3426],[106.48367,-6.33966],[106.48246,-6.33724],[106.48283,-6.33547],[106.48174,-6.3344],[106.48245,-6.33403],[106.48273,-6.33255],[106.4817,-6.33207],[106.48375,-6.33101],[106.48372,-6.32965],[106.48435,-6.32875],[106.48375,-6.32697],[106.48309,-6.32661],[106.48404,-6.32461],[106.48347,-6.32256],[106.48267,-6.32231],[106.48249,-6.32152],[106.48033,-6.32075],[106.48038,-6.31843],[106.47916,-6.31754],[106.47927,-6.31659],[106.47819,-6.31665],[106.47848,-6.31416],[106.47733,-6.31245],[106.47705,-6.31067],[106.47601,-6.31073],[106.4762,-6.30887],[106.47394,-6.30852],[106.47322,-6.30767],[106.47261,-6.30837],[106.47144,-6.30846],[106.47114,-6.30707],[106.47182,-6.30617],[106.47001,-6.30511],[106.46925,-6.30349],[106.46618,-6.30515],[106.46442,-6.30888],[106.46124,-6.31091],[106.46122,-6.31144],[106.45939,-6.31197],[106.45573,-6.31542],[106.44733,-6.3216],[106.4447,-6.32482],[106.44214,-6.32572],[106.43362,-6.34058],[106.43046,-6.34357],[106.43025,-6.34521],[106.42729,-6.34845],[106.42268,-6.34656],[106.42195,-6.3467],[106.42062,-6.34915],[106.41837,-6.34638],[106.41753,-6.34758],[106.41615,-6.34781],[106.41583,-6.34608],[106.41358,-6.34618],[106.41321,-6.34421],[106.411,-6.34512],[106.40994,-6.34471],[106.40958,-6.34354],[106.41095,-6.3401],[106.41073,-6.33918],[106.40831,-6.33926],[106.4064,-6.34033],[106.40479,-6.33951],[106.4032,-6.33657],[106.40446,-6.33572],[106.40467,-6.33446],[106.4007,-6.33112],[106.40288,-6.32798],[106.40238,-6.32579],[106.40189,-6.32552],[106.39938,-6.32752],[106.39883,-6.32597],[106.40074,-6.32509],[106.40066,-6.32408],[106.3997,-6.32386],[106.3988,-6.3249],[106.39779,-6.32472],[106.39832,-6.32029],[106.39969,-6.31876],[106.39928,-6.31784],[106.39715,-6.31779],[106.39693,-6.31716],[106.39932,-6.31601],[106.39826,-6.31533],[106.39539,-6.31591],[106.39192,-6.31393],[106.39274,-6.31308],[106.39446,-6.31386],[106.39464,-6.30947],[106.39575,-6.30688],[106.39455,-6.30519],[106.39742,-6.30488],[106.39867,-6.30373],[106.39893,-6.30256],[106.3981,-6.29664],[106.39734,-6.29612],[106.3969,-6.29682],[106.39572,-6.2971],[106.39551,-6.2962],[106.39642,-6.29558],[106.39465,-6.29335],[106.39365,-6.28751],[106.3924,-6.28577],[106.39277,-6.28347],[106.39031,-6.28179],[106.39126,-6.27958],[106.39259,-6.2796],[106.3941,-6.28121],[106.39492,-6.28093],[106.3952,-6.27987],[106.39285,-6.27819],[106.3933,-6.27624],[106.39231,-6.27466],[106.38929,-6.2768],[106.38738,-6.27522],[106.38731,-6.27399],[106.38914,-6.27208],[106.38774,-6.2708],[106.38774,-6.27012],[106.38937,-6.26856],[106.38733,-6.26848],[106.38651,-6.26666],[106.38481,-6.26603],[106.38724,-6.26534],[106.38776,-6.26466],[106.38739,-6.26302],[106.38583,-6.26142],[106.38417,-6.26227],[106.38278,-6.26192],[106.38403,-6.257],[106.38541,-6.25531],[106.38527,-6.25351],[106.386,-6.25271],[106.38524,-6.24888],[106.38726,-6.24818],[106.38717,-6.24635],[106.38864,-6.24493],[106.388,-6.2437],[106.38658,-6.24278],[106.38654,-6.24046],[106.38459,-6.24118],[106.38395,-6.24024],[106.38588,-6.23819],[106.38453,-6.23442],[106.38431,-6.23211],[106.38489,-6.23129],[106.38708,-6.23029],[106.3855,-6.2292],[106.38628,-6.22857],[106.38623,-6.22792],[106.38183,-6.22667],[106.38181,-6.22586],[106.38319,-6.22465],[106.3832,-6.22373],[106.38171,-6.22227],[106.38126,-6.22091],[106.37827,-6.21991],[106.37944,-6.21857],[106.37819,-6.21849],[106.37699,-6.22012],[106.37594,-6.22005],[106.37215,-6.2219],[106.37134,-6.21862],[106.37031,-6.21962],[106.36854,-6.21996],[106.36702,-6.21986],[106.36638,-6.21883],[106.36697,-6.21667],[106.36669,-6.21396],[106.36764,-6.21332],[106.36903,-6.21457],[106.36898,-6.21531],[106.36787,-6.21626],[106.36817,-6.21686],[106.36983,-6.21663],[106.37054,-6.21475],[106.36919,-6.21263],[106.36974,-6.21032],[106.37122,-6.20974],[106.3729,-6.21224],[106.37443,-6.21179],[106.37452,-6.21094],[106.37283,-6.20789],[106.37418,-6.20626],[106.37704,-6.20482],[106.37745,-6.20356],[106.37652,-6.20245],[106.37655,-6.20153],[106.37929,-6.20075],[106.3784,-6.19867],[106.37831,-6.1958],[106.3728,-6.19576],[106.3728,-6.19472],[106.37392,-6.19314],[106.37378,-6.19148],[106.37714,-6.18907],[106.378,-6.18775],[106.38009,-6.18907],[106.38033,-6.18756],[106.37985,-6.18684],[106.38025,-6.18628],[106.38212,-6.18652],[106.38351,-6.18562],[106.3857,-6.18618],[106.38584,-6.18251],[106.38725,-6.18064],[106.3875,-6.17935],[106.38944,-6.18041],[106.39075,-6.17912],[106.3913,-6.17645],[106.39001,-6.1762],[106.38879,-6.17672],[106.38911,-6.17489],[106.39169,-6.17331],[106.39248,-6.17103],[106.39422,-6.17065],[106.39371,-6.16978],[106.39123,-6.17001],[106.39011,-6.16861],[106.39055,-6.1658],[106.3913,-6.16561],[106.39249,-6.16655],[106.39364,-6.16577],[106.3933,-6.16468],[106.39025,-6.16269],[106.39037,-6.162],[106.39278,-6.16193],[106.3929,-6.16054],[106.39069,-6.15888],[106.3881,-6.15827],[106.38754,-6.15733],[106.38821,-6.15632],[106.39098,-6.15745],[106.39267,-6.15681],[106.39293,-6.15561],[106.39208,-6.15386],[106.3923,-6.15272],[106.39096,-6.15318],[106.39001,-6.15528],[106.3887,-6.15482],[106.38826,-6.15274],[106.3895,-6.15043],[106.3885,-6.15029],[106.3878,-6.1494],[106.3889,-6.14719],[106.38458,-6.14045],[106.38151,-6.13849],[106.38031,-6.13586],[106.37891,-6.13499],[106.37501,-6.1344],[106.37644,-6.13211],[106.37627,-6.13022],[106.37553,-6.12917],[106.3719,-6.12923],[106.36733,-6.12706],[106.3663,-6.12492],[106.36346,-6.12304],[106.36217,-6.12126],[106.36272,-6.12082],[106.36452,-6.12113],[106.36498,-6.11985],[106.3646,-6.11896],[106.36091,-6.11603],[106.35883,-6.11692],[106.35528,-6.11312],[106.35512,-6.11147],[106.3539,-6.11024],[106.35271,-6.11],[106.35168,-6.11111],[106.35074,-6.10993],[106.34978,-6.10275],[106.3522,-6.10248],[106.35281,-6.10102],[106.35128,-6.10075],[106.3502,-6.0975],[106.3526,-6.09678],[106.35355,-6.09264],[106.35287,-6.09176],[106.35119,-6.09214],[106.35078,-6.0908],[106.35258,-6.08994],[106.35275,-6.08927],[106.35105,-6.08854],[106.35115,-6.08721],[106.3484,-6.08658],[106.33965,-6.07377],[106.33928,-6.06813],[106.33964,-6.06121],[106.34008,-6.06132],[106.33995,-6.0621],[106.34268,-6.06179],[106.34264,-6.06259],[106.34427,-6.06178],[106.34388,-6.06108],[106.34488,-6.06051],[106.3454,-6.06092],[106.34526,-6.06201],[106.34875,-6.06224],[106.3497,-6.05973],[106.34864,-6.05892],[106.34884,-6.05717],[106.34927,-6.05642],[106.35069,-6.05709],[106.35083,-6.0555],[106.35219,-6.05604],[106.35326,-6.05518],[106.35355,-6.05388],[106.35279,-6.05266],[106.3532,-6.05186],[106.35472,-6.0514],[106.35403,-6.05056],[106.35522,-6.05145],[106.3561,-6.05133],[106.3564,-6.05066],[106.35665,-6.04926],[106.3555,-6.04927],[106.35542,-6.04842],[106.3573,-6.04892],[106.35796,-6.04727],[106.36033,-6.04594],[106.36003,-6.04463],[106.36115,-6.04294],[106.36294,-6.04273],[106.36376,-6.04367],[106.36434,-6.043],[106.36431,-6.04119],[106.36358,-6.04077],[106.3667,-6.03838],[106.36427,-6.03746],[106.36343,-6.03797],[106.3638,-6.03599],[106.36467,-6.03509],[106.36582,-6.03449],[106.36857,-6.0364],[106.37041,-6.03637],[106.37114,-6.03561],[106.37193,-6.03564],[106.3754,-6.0399],[106.37875,-6.03837],[106.37991,-6.03483],[106.38162,-6.03429],[106.38312,-6.03224],[106.38242,-6.03129],[106.38298,-6.02972],[106.38456,-6.03121],[106.38523,-6.03117],[106.38555,-6.02872],[106.38743,-6.03113],[106.38824,-6.03122],[106.38901,-6.03082],[106.389,-6.03],[106.38806,-6.0279],[106.39091,-6.02894],[106.3937,-6.02771],[106.39651,-6.02909],[106.39787,-6.02782],[106.3991,-6.02821],[106.40121,-6.03031],[106.40748,-6.03091],[106.40952,-6.02931],[106.41179,-6.02424],[106.4143,-6.02404],[106.42477,-6.03012],[106.43049,-6.03205],[106.43627,-6.0324],[106.4403,-6.03166],[106.4412,-6.02994],[106.44072,-6.02801],[106.44186,-6.0278],[106.44259,-6.02866],[106.44191,-6.03049],[106.44576,-6.03171],[106.44602,-6.03369],[106.4585,-6.03643],[106.45847,-6.03718],[106.4592,-6.03774],[106.46334,-6.03864],[106.46926,-6.04284],[106.47335,-6.04465],[106.48224,-6.04656],[106.48421,-6.04558],[106.48963,-6.04608],[106.49356,-6.04462],[106.49606,-6.04412],[106.49668,-6.04455],[106.4978,-6.0432],[106.50359,-6.04099],[106.50739,-6.03789],[106.50877,-6.03767],[106.50929,-6.03698],[106.50901,-6.0365],[106.51235,-6.03318],[106.51426,-6.03425],[106.51545,-6.03335],[106.51573,-6.03235],[106.51727,-6.03339],[106.51841,-6.03149],[106.51907,-6.03251],[106.52136,-6.03324],[106.52326,-6.03173],[106.52397,-6.03218],[106.52506,-6.03123],[106.52464,-6.03074],[106.52502,-6.03006],[106.52361,-6.02917],[106.52559,-6.02624],[106.52923,-6.01787],[106.52931,-6.01642],[106.53019,-6.015],[106.5297,-6.01457],[106.53282,-6.01238],[106.53329,-6.01119],[106.53524,-6.01047],[106.5362,-6.01134],[106.5367,-6.01096],[106.53761,-6.01091],[106.53671,-6.01139],[106.5378,-6.01324],[106.53986,-6.01485],[106.54089,-6.01425],[106.54095,-6.01542],[106.54399,-6.01909],[106.55306,-6.02537],[106.55459,-6.02576],[106.55539,-6.02509],[106.55731,-6.02578],[106.55847,-6.02525],[106.56084,-6.02634],[106.56158,-6.02743],[106.5639,-6.02882],[106.56944,-6.03105],[106.57079,-6.03046],[106.5735,-6.03138],[106.57736,-6.03108],[106.57993,-6.03175],[106.58678,-6.03206],[106.58919,-6.03079],[106.59113,-6.03053],[106.59258,-6.02941],[106.59395,-6.02967],[106.59581,-6.02789],[106.59762,-6.02754],[106.59792,-6.02815],[106.60128,-6.02726],[106.60135,-6.02593],[106.60325,-6.02634],[106.60341,-6.02553],[106.60813,-6.02511],[106.614,-6.02249],[106.61681,-6.02085],[106.62391,-6.01448],[106.62729,-6.01379],[106.62936,-6.01275],[106.63196,-6.00997],[106.63282,-6.00804],[106.63218,-6.00754],[106.63403,-6.00601],[106.63628,-6.0059],[106.63991,-6.00414],[106.64079,-6.00483],[106.64325,-6.00531],[106.64637,-6.00509],[106.64699,-6.0045],[106.64784,-6.00531],[106.64837,-6.00708],[106.64991,-6.00693],[106.65104,-6.00836],[106.65023,-6.0095],[106.65109,-6.0113],[106.65302,-6.01049],[106.65409,-6.01217],[106.65277,-6.0131],[106.65399,-6.01511],[106.65823,-6.01718],[106.65773,-6.01876],[106.66105,-6.01968],[106.66095,-6.02039],[106.66255,-6.02121],[106.66488,-6.02193],[106.6674,-6.02087],[106.67941,-6.01267],[106.68136,-6.01533],[106.68921,-6.02189],[106.69521,-6.02567],[106.69582,-6.02517],[106.69871,-6.02706],[106.69943,-6.02605],[106.70081,-6.02784],[106.70064,-6.03006],[106.70364,-6.03123],[106.70335,-6.03285],[106.7051,-6.03506],[106.70724,-6.03613],[106.70931,-6.03613],[106.71042,-6.03824],[106.71241,-6.04031],[106.71302,-6.04398],[106.71456,-6.0443],[106.71469,-6.04486],[106.7111,-6.04605],[106.71021,-6.0472],[106.70959,-6.04983],[106.70995,-6.05399],[106.70953,-6.05557],[106.71107,-6.05967],[106.71266,-6.06857],[106.71315,-6.06911],[106.71457,-6.06843],[106.71766,-6.07475],[106.71579,-6.07666],[106.72198,-6.086],[106.72314,-6.08565],[106.72432,-6.08672],[106.72508,-6.08936]]}},{"type":"Feature","properties":{"t":"b"},"geometry":{"type":"LineString","coordinates":[[106.99107,-6.36348],[106.99061,-6.36342],[106.99065,-6.36314],[106.98811,-6.3624],[106.98812,-6.36311],[106.98732,-6.36301],[106.98711,-6.3637],[106.97973,-6.36428],[106.97917,-6.36195],[106.9808,-6.36072],[106.98194,-6.35786],[106.98015,-6.35745],[106.97999,-6.35677],[106.97687,-6.35522],[106.97707,-6.35325],[106.973,-6.35157],[106.96998,-6.34954],[106.9696,-6.34911],[106.97208,-6.34788],[106.97263,-6.34666],[106.97003,-6.34641],[106.96849,-6.34514],[106.96805,-6.34302],[106.96619,-6.34242],[106.9666,-6.34166],[106.96864,-6.34145],[106.97148,-6.34295],[106.97574,-6.34094],[106.97575,-6.33944],[106.97284,-6.34008],[106.97284,-6.33861],[106.97417,-6.33591],[106.97546,-6.33521],[106.97463,-6.33323],[106.97255,-6.33296],[106.97249,-6.33193],[106.97409,-6.33013],[106.97482,-6.33026],[106.97524,-6.33178],[106.97696,-6.33139],[106.97722,-6.32662],[106.97668,-6.32395],[106.97726,-6.32178],[106.97635,-6.31918],[106.98087,-6.31508],[106.97988,-6.31394],[106.97434,-6.3124],[106.9733,-6.3116],[106.97211,-6.30399],[106.97047,-6.30406],[106.97085,-6.30234],[106.96831,-6.3031],[106.96951,-6.30295],[106.96903,-6.304],[106.97026,-6.30462],[106.97049,-6.30524],[106.97,-6.30565],[106.9676,-6.30452],[106.96659,-6.30309],[106.96608,-6.30425],[106.96696,-6.30519],[106.96449,-6.30521],[106.96656,-6.30677],[106.96644,-6.30714],[106.96534,-6.30682],[106.96466,-6.30881],[106.96521,-6.30996],[106.96377,-6.31011],[106.96401,-6.30848],[106.96275,-6.30896],[106.96134,-6.30831],[106.96097,-6.30962],[106.96242,-6.31017],[106.96337,-6.31224],[106.96316,-6.31271],[106.96145,-6.31222],[106.96024,-6.31252],[106.96097,-6.31522],[106.96366,-6.31691],[106.9635,-6.31821],[106.96243,-6.31806],[106.96198,-6.32011],[106.96025,-6.32139],[106.96191,-6.32273],[106.96174,-6.32511],[106.96473,-6.32494],[106.96369,-6.32672],[106.9613,-6.32583],[106.96078,-6.32638],[106.96158,-6.32833],[106.96237,-6.32702],[106.96343,-6.32889],[106.96208,-6.32961],[106.9623,-6.33101],[106.96119,-6.33064],[106.96023,-6.33148],[106.96037,-6.33355],[106.96133,-6.33252],[106.96238,-6.3332],[106.96159,-6.33382],[106.96178,-6.33584],[106.96141,-6.33602],[106.96113,-6.33515],[106.96004,-6.33572],[106.95943,-6.33542],[106.95689,-6.33754],[106.9571,-6.3395],[106.95549,-6.339],[106.95495,-6.33996],[106.95283,-6.34019],[106.9531,-6.34277],[106.95473,-6.34329],[106.95464,-6.34441],[106.95026,-6.34415],[106.95213,-6.34863],[106.95335,-6.34832],[106.95387,-6.34894],[106.9537,-6.3508],[106.95296,-6.35104],[106.95205,-6.34914],[106.95043,-6.35053],[106.95016,-6.35146],[106.95209,-6.35259],[106.95241,-6.35351],[106.95208,-6.35392],[106.95054,-6.35334],[106.94951,-6.35409],[106.94939,-6.35518],[106.94737,-6.3575],[106.94748,-6.35817],[106.94859,-6.35871],[106.94621,-6.35942],[106.94704,-6.3582],[106.9439,-6.35803],[106.94387,-6.35962],[106.94476,-6.359],[106.94602,-6.36026],[106.94714,-6.36019],[106.94651,-6.36073],[106.94676,-6.36148],[106.94589,-6.36212],[106.94612,-6.36319],[106.94445,-6.36424],[106.94493,-6.36518],[106.94394,-6.36642],[106.94505,-6.3663],[106.94546,-6.36849],[106.94444,-6.3684],[106.94341,-6.36916],[106.94337,-6.36731],[106.94216,-6.36743],[106.94205,-6.36918],[106.94003,-6.37059],[106.93855,-6.37071],[106.93865,-6.37223],[106.93954,-6.37133],[106.94058,-6.37143],[106.93787,-6.37412],[106.93883,-6.37497],[106.93807,-6.37712],[106.93741,-6.37755],[106.93794,-6.37872],[106.93616,-6.37829],[106.93538,-6.37873],[106.93648,-6.38022],[106.93773,-6.38035],[106.93677,-6.3823],[106.9359,-6.38273],[106.93515,-6.38178],[106.93435,-6.38315],[106.93126,-6.38405],[106.9305,-6.38543],[106.92923,-6.38621],[106.9275,-6.38639],[106.92667,-6.38541],[106.92624,-6.3861],[106.92645,-6.38776],[106.92582,-6.38829],[106.92535,-6.38801],[106.92532,-6.38617],[106.92445,-6.38635],[106.9242,-6.38771],[106.92321,-6.38878],[106.92323,-6.38988],[106.9223,-6.38881],[106.92175,-6.38903],[106.92217,-6.39007],[106.92076,-6.39271],[106.92298,-6.39443],[106.92145,-6.39472],[106.92096,-6.39695],[106.91938,-6.39564],[106.9157,-6.39504],[106.91471,-6.39507],[106.91346,-6.39661],[106.91069,-6.39601],[106.91047,-6.39689],[106.9082,-6.39748],[106.9055,-6.39696],[106.90317,-6.39794],[106.89929,-6.39847],[106.8993,-6.39789],[106.8978,-6.3967],[106.89855,-6.39445],[106.89949,-6.39494],[106.90147,-6.39444],[106.90446,-6.39192],[106.90392,-6.39085],[106.90415,-6.38914],[106.90353,-6.38821],[106.90448,-6.38731],[106.90415,-6.38611],[106.90506,-6.38439],[106.90396,-6.38011],[106.9065,-6.37765],[106.90797,-6.37736],[106.90824,-6.37657],[106.90763,-6.37593],[106.90862,-6.37459],[106.90792,-6.37378],[106.90864,-6.37304],[106.90787,-6.37131],[106.91039,-6.37002],[106.91057,-6.36788],[106.91204,-6.36736],[106.91194,-6.3681],[106.91248,-6.36838],[106.91265,-6.36738],[106.91427,-6.36606],[106.91489,-6.36329],[106.91621,-6.36289],[106.91463,-6.36162],[106.91545,-6.36052],[106.91436,-6.36018],[106.91468,-6.35949],[106.9136,-6.35882],[106.91478,-6.35839],[106.91474,-6.35759],[106.91562,-6.35656],[106.91714,-6.35643],[106.91558,-6.35497],[106.91746,-6.35336],[106.91699,-6.35155],[106.91793,-6.35032],[106.9164,-6.34871],[106.91737,-6.34806],[106.91641,-6.34642],[106.91722,-6.34605],[106.91734,-6.34384],[106.91943,-6.3436],[106.9185,-6.34245],[106.91957,-6.34111],[106.91826,-6.33919],[106.91954,-6.33865],[106.91914,-6.33727],[106.91948,-6.33482],[106.91973,-6.33369],[106.92069,-6.33287],[106.92094,-6.33097],[106.92019,-6.3286],[106.91872,-6.3287],[106.91816,-6.32791],[106.91913,-6.32519],[106.92039,-6.32507],[106.92148,-6.32421],[106.9217,-6.32296],[106.92043,-6.3211],[106.92117,-6.31932],[106.92072,-6.31826],[106.92207,-6.3176],[106.92193,-6.31567],[106.92281,-6.31424],[106.92198,-6.31268],[106.92063,-6.31201],[106.92154,-6.31089],[106.92096,-6.31045],[106.92117,-6.30923],[106.92062,-6.3083],[106.92114,-6.30781],[106.92091,-6.30729],[106.92154,-6.30733],[106.92183,-6.30339],[106.92052,-6.30176],[106.92104,-6.30132],[106.92085,-6.3005],[106.92033,-6.30004],[106.91951,-6.30075],[106.91892,-6.30059],[106.91919,-6.29908],[106.91802,-6.29976],[106.9177,-6.29798],[106.91699,-6.29815],[106.91528,-6.29709],[106.91363,-6.2982],[106.91348,-6.29889],[106.91189,-6.29831],[106.91187,-6.29645],[106.91107,-6.29596],[106.91238,-6.29469],[106.91019,-6.29427],[106.91035,-6.29293],[106.9111,-6.29294],[106.91168,-6.29198],[106.91133,-6.29142],[106.91093,-6.29232],[106.91041,-6.29142],[106.91181,-6.29025],[106.91055,-6.2908],[106.91059,-6.28987],[106.90934,-6.29087],[106.91006,-6.28942],[106.9096,-6.28858],[106.91046,-6.28699],[106.90948,-6.28653],[106.90995,-6.28595],[106.90892,-6.2856],[106.9085,-6.28277],[106.90794,-6.28249],[106.90906,-6.28062],[106.90862,-6.27913],[106.90937,-6.27598],[106.90917,-6.27435],[106.91007,-6.2728],[106.90964,-6.2722],[106.9087,-6.27275],[106.9085,-6.27181],[106.90709,-6.27221],[106.90658,-6.27154],[106.90611,-6.2718],[106.90564,-6.27017],[106.90429,-6.27033],[106.90561,-6.26889],[106.90569,-6.26764],[106.90489,-6.26773],[106.90506,-6.26647],[106.90459,-6.26618],[106.90513,-6.26554],[106.9047,-6.26477],[106.90527,-6.26453],[106.90501,-6.26341],[106.90553,-6.26328],[106.90436,-6.26216],[106.90478,-6.26113],[106.90532,-6.26009],[106.90993,-6.258],[106.9097,-6.2555],[106.91203,-6.25525],[106.91262,-6.25597],[106.91479,-6.25618],[106.91479,-6.25691],[106.91792,-6.25647],[106.91796,-6.25451],[106.91703,-6.25359],[106.91543,-6.25365],[106.91535,-6.25259],[106.91731,-6.25262],[106.91991,-6.25034],[106.92103,-6.25051],[106.9217,-6.2513],[106.92202,-6.25393],[106.92515,-6.25366],[106.9276,-6.25439],[106.93106,-6.25364],[106.93349,-6.25395],[106.93585,-6.25309],[106.94085,-6.25348],[106.94152,-6.25265],[106.94397,-6.25233],[106.94403,-6.24487],[106.94503,-6.24517],[106.94515,-6.24356],[106.94378,-6.24355],[106.94356,-6.23864],[106.94176,-6.23881],[106.94176,-6.23818],[106.94439,-6.23667],[106.94549,-6.23682],[106.94705,-6.22971],[106.94724,-6.22615],[106.94862,-6.22221],[106.95083,-6.21909],[106.95376,-6.21931],[106.95385,-6.21793],[106.956,-6.21824],[106.95771,-6.21768],[106.95917,-6.21236],[106.96019,-6.21242],[106.96049,-6.21177],[106.96279,-6.21223],[106.96509,-6.20786],[106.9662,-6.20692],[106.96581,-6.20582],[106.96629,-6.20526],[106.96568,-6.20479],[106.96651,-6.20303],[106.96614,-6.20088],[106.96922,-6.19541],[106.96975,-6.19123],[106.97135,-6.19259],[106.97198,-6.19156],[106.97191,-6.18951],[106.973,-6.18942],[106.97299,-6.18556],[106.97152,-6.18349],[106.97173,-6.17482],[106.97918,-6.1758],[106.97906,-6.17247],[106.9802,-6.1724],[106.9878,-6.17292],[106.98787,-6.17238],[107.01062,-6.17243],[107.01052,-6.17481],[107.00978,-6.17474],[107.00978,-6.17692],[107.00706,-6.1771],[107.00697,-6.17924],[107.0067,-6.18],[107.00615,-6.18001],[107.00633,-6.18375],[107.00674,-6.18469],[107.00747,-6.18477],[107.0064,-6.19319],[107.00896,-6.19359],[107.01016,-6.19265],[107.01194,-6.1931],[107.01173,-6.19511],[107.01302,-6.19559],[107.01349,-6.19496],[107.01536,-6.19541],[107.01627,-6.1981],[107.01803,-6.1998],[107.01966,-6.19882],[107.01995,-6.19638],[107.02306,-6.19726],[107.02638,-6.19712],[107.02747,-6.19803],[107.03247,-6.1984],[107.03346,-6.20238],[107.03276,-6.20334],[107.03422,-6.20535],[107.03217,-6.20879],[107.03355,-6.21081],[107.03381,-6.21239],[107.03086,-6.21514],[107.03098,-6.21651],[107.03305,-6.21977],[107.03169,-6.22129],[107.03037,-6.22671],[107.03391,-6.22676],[107.03466,-6.22871],[107.03513,-6.22896],[107.03558,-6.22814],[107.03758,-6.22938],[107.03877,-6.23239],[107.0424,-6.23375],[107.04148,-6.24615],[107.04015,-6.24627],[107.03885,-6.24715],[107.03716,-6.24659],[107.03514,-6.24673],[107.03282,-6.24934],[107.03055,-6.24989],[107.02961,-6.253],[107.02854,-6.25262],[107.02439,-6.25501],[107.02378,-6.25657],[107.02259,-6.25742],[107.01999,-6.26358],[107.01776,-6.26293],[107.01666,-6.26465],[107.0164,-6.26576],[107.01711,-6.26833],[107.01638,-6.27021],[107.01783,-6.27132],[107.01703,-6.27524],[107.01426,-6.27974],[107.01399,-6.28258],[107.01461,-6.28369],[107.01403,-6.28642],[107.01563,-6.2874],[107.01457,-6.29077],[107.01539,-6.29115],[107.02249,-6.28034],[107.0249,-6.27897],[107.02664,-6.27924],[107.02731,-6.27797],[107.02926,-6.27883],[107.03036,-6.2812],[107.03136,-6.28186],[107.03232,-6.28186],[107.03255,-6.28128],[107.03452,-6.28159],[107.03728,-6.28311],[107.03792,-6.28434],[107.03769,-6.286],[107.04005,-6.2877],[107.04028,-6.2946],[107.04096,-6.29554],[107.03831,-6.30629],[107.03982,-6.30646],[107.04117,-6.30764],[107.04091,-6.30892],[107.0395,-6.30871],[107.03938,-6.31045],[107.03838,-6.31122],[107.03789,-6.31328],[107.03709,-6.31413],[107.0369,-6.31587],[107.03825,-6.3168],[107.03806,-6.31739],[107.03671,-6.31776],[107.03664,-6.32109],[107.03721,-6.32198],[107.03572,-6.3228],[107.03495,-6.32536],[107.03396,-6.32497],[107.03241,-6.32528],[107.03317,-6.32921],[107.03276,-6.32989],[107.02923,-6.32956],[107.02887,-6.3304],[107.02706,-6.33018],[107.02092,-6.32815],[107.0187,-6.33008],[107.01738,-6.32973],[107.01645,-6.33041],[107.01476,-6.33605],[107.01259,-6.33971],[107.01464,-6.34065],[107.01491,-6.34252],[107.0143,-6.34352],[107.01629,-6.34437],[107.0166,-6.34543],[107.01532,-6.35115],[107.01602,-6.35277],[107.01287,-6.3575],[107.00992,-6.35919],[107.0068,-6.36259],[107.00492,-6.36132],[107.00464,-6.36012],[107.00392,-6.35975],[107.00436,-6.35663],[107.00392,-6.35598],[107.00502,-6.35477],[107.00155,-6.35415],[106.99972,-6.35537],[106.99989,-6.35742],[106.99656,-6.35768],[106.99656,-6.35895],[106.99295,-6.35902],[106.99302,-6.36018],[106.99388,-6.35978],[106.99399,-6.36019],[106.99154,-6.36173],[106.99107,-6.36348]]}},{"type":"Feature","properties":{"t":"b"},"geometry":{"type":"LineString","coordinates":[[106.79741,-6.64353],[106.79682,-6.64263],[106.79504,-6.64219],[106.79524,-6.64789],[106.79454,-6.64851],[106.7938,-6.65174],[106.79219,-6.65375],[106.79058,-6.65316],[106.79033,-6.65513],[106.78929,-6.65706],[106.78696,-6.65924],[106.78594,-6.65918],[106.78472,-6.65813],[106.78212,-6.65822],[106.78197,-6.6567],[106.78133,-6.65652],[106.78088,-6.65762],[106.77959,-6.65661],[106.77767,-6.65644],[106.77899,-6.65609],[106.77966,-6.65347],[106.77833,-6.652],[106.77832,-6.6511],[106.77745,-6.65057],[106.77786,-6.64963],[106.7812,-6.6459],[106.78282,-6.64509],[106.78256,-6.64424],[106.78333,-6.64282],[106.78402,-6.64263],[106.78545,-6.63897],[106.78523,-6.63616],[106.78611,-6.63543],[106.786,-6.63349],[106.7882,-6.63148],[106.7881,-6.62959],[106.78907,-6.62937],[106.79047,-6.62749],[106.7889,-6.62525],[106.78743,-6.62502],[106.78735,-6.62435],[106.78637,-6.62475],[106.78562,-6.62155],[106.78441,-6.62113],[106.78458,-6.61871],[106.78369,-6.61857],[106.78432,-6.61571],[106.78327,-6.61569],[106.78173,-6.61348],[106.78191,-6.61094],[106.78065,-6.61079],[106.78016,-6.61165],[106.77957,-6.61097],[106.77927,-6.60878],[106.77872,-6.60877],[106.77872,-6.60713],[106.77694,-6.6067],[106.7767,-6.60602],[106.77556,-6.60616],[106.77509,-6.60503],[106.77547,-6.60399],[106.77399,-6.60122],[106.77446,-6.60047],[106.77381,-6.60049],[106.77367,-6.5995],[106.77136,-6.59873],[106.77074,-6.59684],[106.76994,-6.59682],[106.7699,-6.59568],[106.76758,-6.59568],[106.76632,-6.59466],[106.7663,-6.592],[106.76513,-6.5904],[106.76517,-6.58905],[106.76368,-6.58746],[106.76456,-6.58708],[106.76284,-6.58474],[106.76255,-6.58358],[106.76297,-6.58306],[106.76049,-6.58229],[106.76021,-6.58133],[106.75846,-6.58038],[106.75792,-6.57899],[106.75656,-6.57867],[106.75625,-6.57727],[106.75512,-6.57642],[106.75342,-6.57621],[106.75148,-6.57344],[106.74982,-6.57234],[106.747,-6.57276],[106.74711,-6.57421],[106.7465,-6.57455],[106.74493,-6.57434],[106.74437,-6.57363],[106.74389,-6.57467],[106.74453,-6.57625],[106.74213,-6.57605],[106.74087,-6.57501],[106.74041,-6.57308],[106.739,-6.57237],[106.73846,-6.57104],[106.74138,-6.57011],[106.742,-6.56822],[106.74017,-6.56817],[106.74051,-6.56689],[106.73967,-6.56719],[106.73966,-6.56612],[106.73653,-6.5664],[106.73536,-6.56541],[106.7348,-6.55994],[106.73546,-6.55959],[106.73544,-6.55452],[106.73587,-6.55404],[106.73781,-6.55483],[106.73678,-6.55379],[106.73676,-6.55274],[106.73809,-6.55118],[106.73834,-6.55053],[106.73765,-6.55083],[106.73755,-6.54964],[106.73918,-6.54826],[106.74083,-6.54284],[106.74457,-6.54388],[106.74687,-6.54369],[106.74709,-6.54513],[106.74823,-6.54611],[106.74797,-6.54782],[106.74967,-6.54715],[106.75061,-6.54998],[106.75204,-6.55106],[106.75324,-6.55083],[106.75411,-6.54855],[106.75487,-6.5483],[106.75552,-6.55094],[106.75632,-6.55189],[106.75763,-6.55141],[106.75783,-6.55038],[106.7589,-6.54955],[106.7607,-6.54983],[106.76022,-6.54713],[106.76291,-6.54698],[106.76452,-6.54554],[106.76526,-6.54381],[106.76429,-6.54241],[106.76387,-6.53972],[106.76418,-6.53449],[106.76341,-6.53286],[106.76492,-6.53051],[106.76462,-6.52897],[106.76612,-6.52736],[106.76435,-6.52506],[106.76506,-6.52375],[106.7641,-6.52304],[106.76493,-6.52158],[106.76464,-6.52097],[106.76638,-6.5194],[106.76637,-6.51813],[106.76556,-6.51785],[106.76536,-6.51681],[106.76623,-6.51649],[106.76512,-6.51571],[106.76539,-6.5154],[106.77222,-6.51505],[106.77575,-6.51557],[106.77579,-6.51492],[106.78306,-6.51507],[106.78686,-6.51422],[106.78704,-6.51552],[106.78801,-6.51603],[106.78916,-6.51804],[106.79025,-6.52216],[106.78987,-6.52764],[106.79142,-6.52797],[106.79269,-6.52899],[106.79364,-6.5324],[106.79311,-6.53655],[106.79137,-6.5366],[106.7912,-6.53779],[106.79067,-6.53779],[106.79039,-6.53918],[106.78988,-6.53919],[106.78997,-6.54297],[106.7934,-6.54376],[106.79313,-6.54603],[106.79554,-6.54607],[106.79597,-6.54686],[106.79745,-6.54709],[106.7963,-6.5497],[106.79637,-6.55093],[106.79734,-6.55053],[106.79852,-6.55098],[106.79889,-6.55191],[106.79938,-6.55174],[106.79899,-6.54719],[106.79966,-6.54719],[106.79947,-6.5449],[106.8004,-6.54237],[106.80081,-6.5428],[106.80088,-6.5428],[106.80401,-6.54113],[106.80593,-6.54106],[106.80585,-6.54558],[106.80947,-6.54574],[106.80972,-6.54639],[106.80978,-6.54455],[106.81082,-6.54324],[106.81174,-6.53954],[106.81145,-6.53878],[106.81816,-6.53876],[106.8189,-6.53821],[106.81829,-6.54236],[106.82245,-6.54274],[106.82336,-6.54363],[106.82351,-6.54255],[106.82407,-6.54251],[106.82453,-6.54446],[106.82327,-6.54515],[106.82354,-6.54683],[106.82392,-6.54716],[106.82539,-6.54521],[106.82598,-6.54775],[106.82935,-6.55045],[106.83022,-6.5547],[106.82983,-6.55652],[106.83057,-6.55776],[106.83027,-6.56051],[106.83217,-6.56241],[106.83306,-6.56513],[106.83478,-6.56745],[106.83591,-6.57493],[106.83805,-6.57943],[106.8316,-6.59929],[106.83193,-6.61298],[106.83809,-6.62932],[106.84097,-6.63438],[106.84592,-6.64093],[106.84825,-6.64727],[106.84733,-6.6551],[106.84488,-6.66207],[106.84811,-6.67624],[106.84579,-6.67699],[106.84513,-6.67815],[106.84092,-6.67941],[106.84031,-6.67945],[106.83985,-6.67868],[106.83624,-6.67848],[106.83476,-6.67763],[106.83263,-6.68132],[106.83102,-6.68108],[106.83082,-6.67995],[106.82956,-6.67872],[106.82645,-6.67719],[106.82621,-6.67624],[106.82412,-6.67491],[106.82229,-6.67479],[106.82195,-6.67328],[106.81918,-6.67205],[106.8185,-6.66636],[106.81632,-6.66555],[106.81657,-6.66332],[106.81563,-6.66135],[106.81337,-6.66025],[106.81293,-6.65906],[106.81145,-6.65852],[106.81009,-6.65671],[106.8087,-6.65618],[106.80856,-6.65232],[106.81053,-6.64925],[106.81042,-6.64635],[106.80956,-6.6462],[106.80863,-6.64867],[106.80593,-6.65185],[106.80477,-6.65087],[106.80524,-6.649],[106.80293,-6.6477],[106.80136,-6.64841],[106.79741,-6.64353]]}},{"type":"Feature","properties":{"t":"b"},"geometry":{"type":"LineString","coordinates":[[106.72077,-6.362],[106.72168,-6.36198],[106.72155,-6.36046],[106.72846,-6.36018],[106.74888,-6.36109],[106.74987,-6.36059],[106.75052,-6.36108],[106.75299,-6.36074],[106.75825,-6.36187],[106.75934,-6.36121],[106.76935,-6.36153],[106.77006,-6.36103],[106.76958,-6.36062],[106.76994,-6.35862],[106.77116,-6.35726],[106.77112,-6.35463],[106.77003,-6.35233],[106.77088,-6.35175],[106.77185,-6.35241],[106.7721,-6.35008],[106.77369,-6.35025],[106.77386,-6.348],[106.77326,-6.34658],[106.77444,-6.3458],[106.77434,-6.34477],[106.77254,-6.34407],[106.77358,-6.34286],[106.77292,-6.3417],[106.77335,-6.34032],[106.77303,-6.33937],[106.77367,-6.33887],[106.7724,-6.33821],[106.77478,-6.33786],[106.77442,-6.33612],[106.77642,-6.33592],[106.77576,-6.33556],[106.77594,-6.33403],[106.77528,-6.33316],[106.77664,-6.3325],[106.77612,-6.33115],[106.77761,-6.3294],[106.77759,-6.32738],[106.77684,-6.32698],[106.77752,-6.32651],[106.77855,-6.32721],[106.77891,-6.32654],[106.77882,-6.32399],[106.77773,-6.32326],[106.77924,-6.32141],[106.77876,-6.31981],[106.77942,-6.31804],[106.77869,-6.31721],[106.78177,-6.31593],[106.7825,-6.31591],[106.78296,-6.31662],[106.78951,-6.31624],[106.79057,-6.31452],[106.79242,-6.3157],[106.80493,-6.31527],[106.80665,-6.31443],[106.80837,-6.3151],[106.80911,-6.31484],[106.80906,-6.31588],[106.80765,-6.31771],[106.80809,-6.31877],[106.80734,-6.31954],[106.80698,-6.32238],[106.80598,-6.32277],[106.80623,-6.32389],[106.80544,-6.32361],[106.80459,-6.32433],[106.80401,-6.3254],[106.8041,-6.32693],[106.80335,-6.32773],[106.80339,-6.32996],[106.80132,-6.3315],[106.8017,-6.33342],[106.79908,-6.33308],[106.79868,-6.33816],[106.80011,-6.3403],[106.79938,-6.34315],[106.79741,-6.34486],[106.79668,-6.34648],[106.79534,-6.34599],[106.79249,-6.34824],[106.79399,-6.35095],[106.7926,-6.35228],[106.79397,-6.3545],[106.79287,-6.35524],[106.7932,-6.35678],[106.79247,-6.35873],[106.7935,-6.36019],[106.7936,-6.36242],[106.79309,-6.36345],[106.79384,-6.36429],[106.80143,-6.36442],[106.80343,-6.36358],[106.80626,-6.36341],[106.81058,-6.36399],[106.81062,-6.3628],[106.81245,-6.36158],[106.81391,-6.35913],[106.81431,-6.35923],[106.81522,-6.35648],[106.81592,-6.35603],[106.81962,-6.35647],[106.82166,-6.35561],[106.82734,-6.35685],[106.83531,-6.35497],[106.83597,-6.35453],[106.83533,-6.352],[106.8384,-6.35207],[106.83913,-6.3519],[106.83929,-6.35126],[106.83815,-6.34957],[106.83754,-6.34713],[106.83913,-6.34629],[106.83979,-6.34394],[106.83807,-6.34333],[106.83634,-6.34507],[106.83532,-6.34406],[106.83803,-6.34122],[106.83933,-6.34235],[106.8407,-6.34254],[106.84065,-6.341],[106.83927,-6.34036],[106.84036,-6.33839],[106.83998,-6.33575],[106.84369,-6.3368],[106.84355,-6.33768],[106.84477,-6.33766],[106.84475,-6.33698],[106.84527,-6.33696],[106.8453,-6.33786],[106.84823,-6.33783],[106.84962,-6.33874],[106.85072,-6.34103],[106.85161,-6.34136],[106.85203,-6.34285],[106.85381,-6.34288],[106.85461,-6.34382],[106.85478,-6.34456],[106.85407,-6.34539],[106.85447,-6.34685],[106.85673,-6.34705],[106.85783,-6.3481],[106.85775,-6.34919],[106.85908,-6.34934],[106.85911,-6.35173],[106.86181,-6.35363],[106.86068,-6.35466],[106.86221,-6.35734],[106.86407,-6.35575],[106.86516,-6.35582],[106.86761,-6.35433],[106.86959,-6.35401],[106.87019,-6.35293],[106.87102,-6.35278],[106.8715,-6.35328],[106.87109,-6.3537],[106.87206,-6.35393],[106.87241,-6.35508],[106.87299,-6.35501],[106.8739,-6.35635],[106.87204,-6.35791],[106.8723,-6.35875],[106.87137,-6.36007],[106.87267,-6.3613],[106.87364,-6.36095],[106.87662,-6.36189],[106.87745,-6.36097],[106.87883,-6.36104],[106.879,-6.36174],[106.87797,-6.3632],[106.87836,-6.36397],[106.88065,-6.36464],[106.88108,-6.36661],[106.88212,-6.36633],[106.88219,-6.36498],[106.88363,-6.3651],[106.88322,-6.36587],[106.8839,-6.3679],[106.88315,-6.36825],[106.88267,-6.36988],[106.88344,-6.37035],[106.88193,-6.37155],[106.88477,-6.37203],[106.88468,-6.37254],[106.88739,-6.37263],[106.88911,-6.36747],[106.88992,-6.36881],[106.89437,-6.37083],[106.89576,-6.37073],[106.89759,-6.36875],[106.90037,-6.36976],[106.90117,-6.36952],[106.90234,-6.368],[106.90273,-6.36557],[106.90608,-6.36092],[106.90636,-6.35969],[106.90685,-6.36072],[106.91044,-6.36376],[106.91434,-6.36555],[106.91409,-6.36637],[106.91265,-6.36738],[106.91248,-6.36838],[106.91194,-6.3681],[106.91204,-6.36736],[106.91057,-6.36788],[106.91039,-6.37002],[106.90787,-6.37131],[106.90864,-6.37304],[106.90792,-6.37378],[106.90862,-6.37459],[106.90763,-6.37593],[106.90824,-6.37657],[106.90797,-6.37736],[106.9065,-6.37765],[106.9039,-6.38026],[106.90506,-6.38439],[106.90415,-6.38611],[106.90448,-6.38731],[106.90353,-6.38821],[106.90415,-6.38914],[106.90392,-6.39085],[106.90446,-6.39192],[106.90147,-6.39444],[106.89949,-6.39494],[106.89855,-6.39445],[106.8985,-6.39561],[106.8977,-6.39615],[106.89929,-6.39847],[106.90317,-6.39794],[106.9055,-6.39696],[106.9082,-6.39748],[106.91047,-6.39689],[106.91069,-6.39601],[106.91346,-6.39661],[106.91476,-6.39505],[106.91885,-6.3956],[106.91762,-6.39742],[106.91831,-6.39821],[106.91618,-6.39955],[106.91645,-6.40011],[106.91769,-6.39989],[106.91825,-6.40047],[106.91644,-6.40046],[106.91612,-6.40093],[106.91613,-6.40222],[106.91714,-6.40375],[106.91579,-6.40488],[106.91735,-6.40553],[106.91663,-6.40639],[106.91506,-6.40665],[106.91606,-6.40712],[106.91579,-6.40811],[106.91715,-6.40852],[106.91727,-6.4092],[106.91599,-6.41079],[106.91457,-6.41503],[106.91395,-6.41454],[106.91463,-6.4128],[106.91313,-6.41194],[106.91217,-6.4133],[106.9106,-6.41359],[106.91074,-6.41304],[106.90947,-6.41268],[106.90847,-6.41142],[106.90801,-6.41526],[106.9065,-6.4132],[106.90525,-6.41272],[106.90609,-6.41575],[106.90567,-6.41729],[106.90414,-6.41903],[106.90346,-6.41915],[106.90336,-6.41791],[106.90082,-6.41884],[106.90007,-6.42087],[106.89969,-6.41962],[106.89896,-6.41962],[106.8995,-6.42141],[106.89894,-6.42262],[106.90005,-6.42299],[106.89977,-6.4236],[106.89898,-6.42351],[106.89912,-6.42604],[106.8969,-6.42618],[106.89452,-6.42492],[106.89526,-6.42799],[106.89302,-6.42647],[106.89187,-6.4273],[106.89185,-6.42785],[106.89281,-6.4282],[106.89017,-6.43228],[106.89115,-6.43237],[106.89189,-6.4338],[106.89112,-6.43464],[106.88974,-6.43424],[106.8881,-6.43477],[106.88855,-6.43597],[106.88787,-6.43629],[106.8876,-6.43731],[106.8861,-6.43717],[106.88599,-6.43956],[106.88541,-6.44063],[106.88726,-6.44055],[106.88707,-6.44291],[106.88666,-6.44316],[106.88508,-6.44219],[106.88452,-6.44418],[106.88532,-6.44479],[106.88514,-6.44551],[106.88352,-6.4453],[106.88356,-6.44396],[106.88247,-6.44368],[106.88215,-6.4467],[106.8834,-6.4466],[106.88382,-6.44872],[106.88278,-6.44885],[106.88193,-6.44759],[106.88094,-6.44828],[106.88102,-6.44892],[106.88303,-6.45016],[106.88219,-6.45057],[106.88253,-6.45166],[106.8816,-6.45356],[106.8819,-6.45429],[106.88087,-6.45439],[106.87984,-6.45303],[106.87883,-6.45355],[106.8795,-6.45474],[106.88219,-6.45606],[106.88143,-6.45685],[106.88025,-6.45617],[106.88009,-6.45796],[106.87854,-6.45858],[106.87892,-6.45749],[106.8785,-6.45727],[106.87625,-6.45825],[106.87201,-6.45589],[106.86902,-6.45678],[106.86614,-6.45662],[106.86562,-6.45709],[106.86511,-6.45631],[106.86443,-6.4565],[106.86302,-6.45568],[106.86123,-6.45626],[106.86096,-6.45551],[106.86068,-6.45617],[106.8592,-6.45515],[106.85864,-6.45593],[106.85545,-6.45555],[106.85329,-6.44869],[106.85356,-6.4438],[106.85222,-6.43794],[106.85293,-6.43614],[106.85022,-6.43598],[106.84706,-6.43701],[106.84475,-6.43665],[106.84328,-6.43832],[106.84208,-6.44284],[106.84365,-6.44325],[106.84512,-6.44445],[106.84402,-6.44608],[106.84443,-6.44726],[106.84258,-6.44812],[106.84141,-6.4511],[106.84097,-6.45032],[106.84002,-6.45036],[106.83911,-6.44907],[106.83795,-6.44988],[106.83784,-6.4512],[106.83496,-6.45036],[106.83485,-6.45085],[106.83418,-6.4507],[106.83389,-6.45218],[106.83172,-6.45202],[106.8312,-6.45289],[106.83215,-6.453],[106.83208,-6.45349],[106.83324,-6.4541],[106.83332,-6.45623],[106.83276,-6.4562],[106.83203,-6.45481],[106.82906,-6.45519],[106.82821,-6.45457],[106.8269,-6.45691],[106.8277,-6.45798],[106.82744,-6.4588],[106.82633,-6.45974],[106.82635,-6.46057],[106.82416,-6.46187],[106.82537,-6.45571],[106.82462,-6.45418],[106.82534,-6.45247],[106.82342,-6.45196],[106.8223,-6.45269],[106.82211,-6.45414],[106.82114,-6.4539],[106.82055,-6.45193],[106.82192,-6.44917],[106.82306,-6.4491],[106.82285,-6.44831],[106.82379,-6.44678],[106.82325,-6.44439],[106.81986,-6.44385],[106.81671,-6.44509],[106.81295,-6.44424],[106.81273,-6.44606],[106.81456,-6.44696],[106.81448,-6.44849],[106.80154,-6.44886],[106.80183,-6.45123],[106.79697,-6.45075],[106.79435,-6.45114],[106.79575,-6.44739],[106.79528,-6.44155],[106.79205,-6.44185],[106.79156,-6.44079],[106.78856,-6.44075],[106.78868,-6.43938],[106.7656,-6.4393],[106.76016,-6.43864],[106.7555,-6.43909],[106.73841,-6.43892],[106.73746,-6.4378],[106.73673,-6.4346],[106.73582,-6.43401],[106.73635,-6.43187],[106.73416,-6.42956],[106.73282,-6.4293],[106.73354,-6.42856],[106.7327,-6.42707],[106.73295,-6.42648],[106.73523,-6.4263],[106.73532,-6.42528],[106.73682,-6.42435],[106.73681,-6.42388],[106.73593,-6.42389],[106.73534,-6.42263],[106.73622,-6.42099],[106.73559,-6.42043],[106.73705,-6.4199],[106.73727,-6.41901],[106.73373,-6.41619],[106.73261,-6.4145],[106.73041,-6.41449],[106.73104,-6.41151],[106.73076,-6.41014],[106.73202,-6.40856],[106.73138,-6.40694],[106.73243,-6.40674],[106.73284,-6.40559],[106.73192,-6.40565],[106.73204,-6.40467],[106.73123,-6.40451],[106.73138,-6.40233],[106.72968,-6.40202],[106.72974,-6.40004],[106.73094,-6.39925],[106.72858,-6.39861],[106.72862,-6.39737],[106.72936,-6.39645],[106.72782,-6.39577],[106.72625,-6.39618],[106.72695,-6.3943],[106.72857,-6.3943],[106.72746,-6.39346],[106.72763,-6.39246],[106.72693,-6.39182],[106.727,-6.38946],[106.72875,-6.38973],[106.72843,-6.38793],[106.72687,-6.38879],[106.72597,-6.38805],[106.72804,-6.38602],[106.72548,-6.38544],[106.72438,-6.38674],[106.72336,-6.38691],[106.72184,-6.38599],[106.72337,-6.38125],[106.72166,-6.37969],[106.72374,-6.37674],[106.72091,-6.37636],[106.72268,-6.37421],[106.71782,-6.37121],[106.71687,-6.36962],[106.71834,-6.36719],[106.71713,-6.36623],[106.71693,-6.36517],[106.71786,-6.36402],[106.72021,-6.36418],[106.72119,-6.36301],[106.72077,-6.362]]}},{"type":"Feature","properties":{"t":"b"},"geometry":{"type":"LineString","coordinates":[[106.82127,-6.13687],[106.82264,-6.14047],[106.82633,-6.14705],[106.8272,-6.15112],[106.82747,-6.15994],[106.82831,-6.16225],[106.82028,-6.15955],[106.80401,-6.16174],[106.80159,-6.16011],[106.80143,-6.15804],[106.80061,-6.16023],[106.79815,-6.16138],[106.80078,-6.16673],[106.80963,-6.1793],[106.81065,-6.18872],[106.80675,-6.18911],[106.80452,-6.19694],[106.80282,-6.19905],[106.80009,-6.20039],[106.79771,-6.20314],[106.79606,-6.20758],[106.79056,-6.20746],[106.78899,-6.20849],[106.78732,-6.20705],[106.78314,-6.20672],[106.78355,-6.21216],[106.78317,-6.21295],[106.77768,-6.21362],[106.77708,-6.21658],[106.77843,-6.21765],[106.77842,-6.22692],[106.76684,-6.22742],[106.76608,-6.22706],[106.76614,-6.22607],[106.76704,-6.2253],[106.76549,-6.22231],[106.75842,-6.22252],[106.75834,-6.22315],[106.74986,-6.22261],[106.73738,-6.22393],[106.72066,-6.22422],[106.71824,-6.22281],[106.71797,-6.22003],[106.71851,-6.2179],[106.71814,-6.21774],[106.71918,-6.21457],[106.71983,-6.2142],[106.72012,-6.21185],[106.72017,-6.21225],[106.72348,-6.21244],[106.72362,-6.20813],[106.7244,-6.2076],[106.72463,-6.20305],[106.72359,-6.20039],[106.72328,-6.19719],[106.72468,-6.19359],[106.72421,-6.19191],[106.71973,-6.19195],[106.71691,-6.19312],[106.71645,-6.19142],[106.71473,-6.19162],[106.71498,-6.18995],[106.71668,-6.18977],[106.7179,-6.18784],[106.72139,-6.18704],[106.72269,-6.18562],[106.7241,-6.18582],[106.72435,-6.18508],[106.72141,-6.18469],[106.71383,-6.18143],[106.69909,-6.17671],[106.69628,-6.17528],[106.69491,-6.17491],[106.69447,-6.17618],[106.6943,-6.17539],[106.691,-6.17408],[106.69054,-6.17336],[106.68802,-6.17282],[106.68819,-6.16849],[106.68862,-6.16842],[106.6888,-6.16711],[106.68942,-6.16702],[106.68897,-6.16491],[106.69091,-6.16009],[106.68775,-6.15999],[106.68746,-6.14769],[106.68669,-6.14711],[106.68624,-6.14306],[106.68649,-6.13553],[106.68587,-6.1282],[106.68596,-6.12782],[106.68708,-6.12862],[106.68806,-6.12429],[106.6897,-6.12117],[106.69002,-6.11601],[106.69142,-6.11378],[106.6964,-6.11288],[106.69788,-6.11089],[106.69369,-6.10719],[106.68896,-6.10636],[106.68848,-6.10561],[106.68888,-6.1046],[106.68809,-6.10388],[106.68801,-6.09966],[106.68727,-6.09743],[106.68846,-6.09761],[106.69133,-6.09584],[106.69343,-6.09559],[106.69745,-6.09658],[106.70015,-6.09601],[106.70287,-6.09649],[106.70498,-6.09554],[106.70595,-6.096],[106.70961,-6.09586],[106.70995,-6.09527],[106.71097,-6.09561],[106.71437,-6.09893],[106.71718,-6.10461],[106.72742,-6.11758],[106.73325,-6.12316],[106.73862,-6.1269],[106.74419,-6.12964],[106.75085,-6.13443],[106.76823,-6.14069],[106.77556,-6.14177],[106.77508,-6.14523],[106.77711,-6.14411],[106.78786,-6.14322],[106.79001,-6.14233],[106.79218,-6.14281],[106.80052,-6.14189],[106.80022,-6.1356],[106.80114,-6.13365],[106.81319,-6.13012],[106.81503,-6.13024],[106.81675,-6.13706],[106.81983,-6.13635],[106.82127,-6.13687]]}},{"type":"Feature","properties":{"t":"b"},"geometry":{"type":"LineString","coordinates":[[106.87881,-6.16646],[106.87608,-6.17589],[106.87502,-6.19233],[106.87199,-6.19199],[106.86612,-6.19246],[106.86173,-6.19386],[106.85103,-6.20163],[106.85146,-6.20244],[106.85271,-6.2019],[106.85529,-6.20255],[106.85574,-6.20398],[106.85509,-6.20579],[106.85378,-6.20658],[106.85259,-6.20589],[106.84993,-6.20559],[106.84905,-6.20755],[106.84715,-6.20861],[106.83717,-6.2054],[106.82271,-6.2027],[106.82159,-6.20923],[106.8186,-6.21437],[106.79959,-6.229],[106.79579,-6.22927],[106.79693,-6.21871],[106.79538,-6.21389],[106.79576,-6.21249],[106.79343,-6.21173],[106.79369,-6.21097],[106.7918,-6.20876],[106.79239,-6.20779],[106.79606,-6.20758],[106.79771,-6.20314],[106.80009,-6.20039],[106.80282,-6.19905],[106.80428,-6.19734],[106.80675,-6.18911],[106.81068,-6.18852],[106.80963,-6.1793],[106.80078,-6.16673],[106.79815,-6.16138],[106.80061,-6.16023],[106.80143,-6.15804],[106.80159,-6.16011],[106.80401,-6.16174],[106.82028,-6.15955],[106.82831,-6.16225],[106.82747,-6.15994],[106.8272,-6.15112],[106.82633,-6.14705],[106.82264,-6.14047],[106.82127,-6.13687],[106.83067,-6.13532],[106.83065,-6.139],[106.83118,-6.14041],[106.83567,-6.14317],[106.83711,-6.14611],[106.83836,-6.14178],[106.84406,-6.14499],[106.84315,-6.14634],[106.84345,-6.14719],[106.84119,-6.15107],[106.84134,-6.1521],[106.84357,-6.15365],[106.84458,-6.15401],[106.85578,-6.15189],[106.85549,-6.15055],[106.85708,-6.15061],[106.85668,-6.15183],[106.8585,-6.15281],[106.85982,-6.15262],[106.86048,-6.15239],[106.86116,-6.15089],[106.86018,-6.15384],[106.87688,-6.16349],[106.88138,-6.16249],[106.87881,-6.16646]]}},{"type":"Feature","properties":{"t":"b"},"geometry":{"type":"LineString","coordinates":[[106.83998,-6.33575],[106.84036,-6.33839],[106.83927,-6.34036],[106.84065,-6.341],[106.8407,-6.34254],[106.83933,-6.34235],[106.83803,-6.34122],[106.83532,-6.34406],[106.83634,-6.34507],[106.83807,-6.34333],[106.83979,-6.34394],[106.83913,-6.34629],[106.83754,-6.34713],[106.83815,-6.34957],[106.83929,-6.35126],[106.83913,-6.3519],[106.8384,-6.35207],[106.83533,-6.352],[106.83597,-6.35453],[106.83531,-6.35497],[106.82734,-6.35685],[106.82166,-6.35561],[106.81962,-6.35647],[106.81592,-6.35603],[106.81522,-6.35648],[106.81431,-6.35923],[106.81391,-6.35913],[106.81245,-6.36158],[106.81062,-6.3628],[106.81058,-6.36399],[106.80582,-6.36342],[106.80343,-6.36358],[106.80143,-6.36442],[106.79459,-6.36459],[106.7931,-6.36353],[106.7936,-6.36242],[106.7935,-6.36019],[106.79247,-6.35928],[106.79253,-6.35795],[106.7932,-6.35678],[106.79287,-6.35524],[106.79397,-6.35442],[106.7926,-6.35228],[106.79399,-6.35095],[106.79249,-6.34824],[106.79534,-6.34599],[106.79668,-6.34648],[106.79741,-6.34486],[106.79938,-6.34315],[106.80011,-6.3403],[106.79868,-6.33816],[106.79908,-6.33308],[106.8017,-6.33342],[106.80132,-6.3315],[106.80339,-6.32996],[106.80335,-6.32773],[106.8041,-6.32693],[106.80401,-6.3254],[106.80459,-6.32433],[106.80544,-6.32361],[106.80623,-6.32389],[106.80598,-6.32277],[106.80698,-6.32238],[106.80734,-6.31954],[106.80809,-6.31877],[106.80765,-6.31771],[106.80906,-6.31588],[106.80916,-6.31491],[106.80665,-6.31443],[106.80493,-6.31527],[106.79242,-6.3157],[106.79057,-6.31452],[106.78951,-6.31624],[106.78296,-6.31662],[106.7825,-6.31591],[106.78,-6.3166],[106.77942,-6.31588],[106.77684,-6.31531],[106.77654,-6.31193],[106.7759,-6.31161],[106.77472,-6.31214],[106.77447,-6.31139],[106.77534,-6.31054],[106.77324,-6.30953],[106.77496,-6.30839],[106.77393,-6.30656],[106.77533,-6.30614],[106.7748,-6.30473],[106.7756,-6.30407],[106.77446,-6.3033],[106.77316,-6.3048],[106.77347,-6.30312],[106.77163,-6.30325],[106.77086,-6.30211],[106.77312,-6.3015],[106.77253,-6.30011],[106.77152,-6.29937],[106.77374,-6.29953],[106.77375,-6.29857],[106.77294,-6.29827],[106.77129,-6.29906],[106.77076,-6.29737],[106.7698,-6.29756],[106.77008,-6.29562],[106.76821,-6.2959],[106.76726,-6.29531],[106.76826,-6.29339],[106.76749,-6.29233],[106.76884,-6.29129],[106.76853,-6.29064],[106.76736,-6.29033],[106.76667,-6.29075],[106.7659,-6.28884],[106.76307,-6.28875],[106.76295,-6.2869],[106.76014,-6.28646],[106.76221,-6.27787],[106.7598,-6.27816],[106.75719,-6.27763],[106.75696,-6.27425],[106.75159,-6.27457],[106.75149,-6.27278],[106.7503,-6.27186],[106.75301,-6.26904],[106.7523,-6.26837],[106.75253,-6.26458],[106.75388,-6.26406],[106.75352,-6.26326],[106.75472,-6.26357],[106.75475,-6.26286],[106.75652,-6.26248],[106.75631,-6.26148],[106.75364,-6.26223],[106.75143,-6.26168],[106.75176,-6.26033],[106.75438,-6.25983],[106.75403,-6.25707],[106.75492,-6.25687],[106.7549,-6.2557],[106.7539,-6.25587],[106.75424,-6.25414],[106.75355,-6.2517],[106.75124,-6.25143],[106.75112,-6.25003],[106.74807,-6.25009],[106.74813,-6.24943],[106.74718,-6.24859],[106.74668,-6.24721],[106.747,-6.24349],[106.74859,-6.24068],[106.747,-6.23639],[106.74392,-6.23624],[106.74466,-6.23358],[106.7444,-6.23206],[106.74526,-6.23162],[106.74539,-6.23072],[106.7439,-6.23048],[106.74434,-6.22891],[106.7432,-6.22864],[106.74322,-6.22749],[106.74031,-6.22764],[106.7403,-6.2261],[106.73967,-6.22608],[106.73963,-6.22528],[106.73778,-6.22532],[106.73764,-6.22508],[106.73761,-6.22497],[106.73733,-6.22371],[106.74986,-6.22261],[106.75834,-6.22315],[106.75842,-6.22252],[106.76549,-6.22231],[106.76704,-6.2253],[106.76614,-6.22607],[106.76608,-6.22706],[106.76684,-6.22742],[106.77842,-6.22692],[106.77843,-6.21765],[106.77708,-6.21658],[106.77768,-6.21362],[106.78317,-6.21295],[106.78355,-6.21216],[106.78314,-6.20672],[106.78656,-6.20691],[106.78899,-6.20849],[106.79056,-6.20746],[106.79239,-6.20779],[106.7918,-6.20876],[106.79369,-6.21097],[106.79343,-6.21173],[106.79576,-6.21249],[106.79538,-6.21389],[106.79693,-6.21871],[106.79572,-6.22906],[106.79959,-6.229],[106.81879,-6.21415],[106.82175,-6.20877],[106.82271,-6.2027],[106.83717,-6.2054],[106.84609,-6.20856],[106.84715,-6.20861],[106.84895,-6.20752],[106.8545,-6.21113],[106.85753,-6.21221],[106.85823,-6.21358],[106.85705,-6.21433],[106.85629,-6.21616],[106.85722,-6.21758],[106.8578,-6.21755],[106.85863,-6.21627],[106.86045,-6.21733],[106.86353,-6.21627],[106.86006,-6.22121],[106.8615,-6.2217],[106.86156,-6.21997],[106.86288,-6.2197],[106.86543,-6.22382],[106.86504,-6.22452],[106.86353,-6.22465],[106.86475,-6.22693],[106.86484,-6.22888],[106.86322,-6.23086],[106.86613,-6.23375],[106.86633,-6.23429],[106.86523,-6.23527],[106.86634,-6.23678],[106.86682,-6.23903],[106.86597,-6.23867],[106.86519,-6.23682],[106.86362,-6.23745],[106.86255,-6.24074],[106.86197,-6.24586],[106.86405,-6.24942],[106.86219,-6.25047],[106.86285,-6.25303],[106.8625,-6.25369],[106.86117,-6.25401],[106.86018,-6.25099],[106.85909,-6.2514],[106.85773,-6.25322],[106.85778,-6.25527],[106.85946,-6.25438],[106.86071,-6.25519],[106.85931,-6.25682],[106.8604,-6.25714],[106.8605,-6.25769],[106.8592,-6.26285],[106.85655,-6.26276],[106.85543,-6.26181],[106.85432,-6.26216],[106.85461,-6.26277],[106.85712,-6.26378],[106.85683,-6.2643],[106.85397,-6.26509],[106.85535,-6.26622],[106.85651,-6.27016],[106.85603,-6.27052],[106.85517,-6.26963],[106.85484,-6.27041],[106.85658,-6.27185],[106.85672,-6.27269],[106.85358,-6.27198],[106.85334,-6.27326],[106.8513,-6.27346],[106.85194,-6.27504],[106.85165,-6.27618],[106.8505,-6.27676],[106.84921,-6.27659],[106.84659,-6.27908],[106.84762,-6.28004],[106.85035,-6.2797],[106.84746,-6.28304],[106.84876,-6.28368],[106.84734,-6.28571],[106.84849,-6.28807],[106.84947,-6.28852],[106.85035,-6.28789],[106.85116,-6.28845],[106.8506,-6.28985],[106.84929,-6.29047],[106.85022,-6.2925],[106.85123,-6.29285],[106.85181,-6.2911],[106.85384,-6.29027],[106.85454,-6.29065],[106.85228,-6.29454],[106.85397,-6.29379],[106.85424,-6.29595],[106.85065,-6.29585],[106.85031,-6.29646],[106.85191,-6.29767],[106.85214,-6.29898],[106.85149,-6.29938],[106.84968,-6.29887],[106.84978,-6.29977],[106.85162,-6.30109],[106.85248,-6.29992],[106.85481,-6.29966],[106.85474,-6.30333],[106.85845,-6.30538],[106.85741,-6.30626],[106.85768,-6.3078],[106.85677,-6.30988],[106.85704,-6.31059],[106.85832,-6.31109],[106.8556,-6.31376],[106.85488,-6.31383],[106.85445,-6.31218],[106.85236,-6.31107],[106.85118,-6.31476],[106.85173,-6.31599],[106.84946,-6.31748],[106.84926,-6.31879],[106.84679,-6.31799],[106.84848,-6.31714],[106.84891,-6.31575],[106.84835,-6.31511],[106.8474,-6.31541],[106.84616,-6.31705],[106.84421,-6.31672],[106.84383,-6.31846],[106.84166,-6.31813],[106.83921,-6.3194],[106.8383,-6.32109],[106.83922,-6.32171],[106.84087,-6.32137],[106.84004,-6.32278],[106.84153,-6.32363],[106.84311,-6.32626],[106.84218,-6.32772],[106.84131,-6.32669],[106.84024,-6.32941],[106.8434,-6.3316],[106.83997,-6.33239],[106.83998,-6.33575]]}},{"type":"Feature","properties":{"t":"b"},"geometry":{"type":"LineString","coordinates":[[106.97173,-6.17482],[106.97152,-6.18349],[106.97299,-6.18556],[106.973,-6.18942],[106.97191,-6.18951],[106.97198,-6.19156],[106.97135,-6.19259],[106.96975,-6.19123],[106.96922,-6.19541],[106.96614,-6.20088],[106.96651,-6.20303],[106.96568,-6.20479],[106.96629,-6.20526],[106.96581,-6.20582],[106.9662,-6.20692],[106.96509,-6.20786],[106.96279,-6.21223],[106.96049,-6.21177],[106.96019,-6.21242],[106.95917,-6.21236],[106.95771,-6.21768],[106.956,-6.21824],[106.95385,-6.21793],[106.95376,-6.21931],[106.95083,-6.21909],[106.94862,-6.22221],[106.94724,-6.22615],[106.94705,-6.22971],[106.94549,-6.23682],[106.94439,-6.23667],[106.94176,-6.23818],[106.94176,-6.23881],[106.94356,-6.23864],[106.94378,-6.24355],[106.94515,-6.24356],[106.94503,-6.24517],[106.94403,-6.24487],[106.94397,-6.25233],[106.94152,-6.25265],[106.94085,-6.25348],[106.93585,-6.25309],[106.93349,-6.25395],[106.93106,-6.25364],[106.9276,-6.25439],[106.92515,-6.25366],[106.92202,-6.25393],[106.9217,-6.2513],[106.92103,-6.25051],[106.91991,-6.25034],[106.91731,-6.25262],[106.91535,-6.25259],[106.91543,-6.25365],[106.91703,-6.25359],[106.91796,-6.25451],[106.91792,-6.25647],[106.91479,-6.25691],[106.91479,-6.25618],[106.91262,-6.25597],[106.91203,-6.25525],[106.9097,-6.2555],[106.90993,-6.258],[106.90532,-6.26009],[106.90435,-6.26207],[106.90553,-6.26328],[106.90501,-6.26341],[106.90527,-6.26453],[106.9047,-6.26477],[106.90513,-6.26554],[106.90459,-6.26618],[106.90506,-6.26647],[106.90489,-6.26773],[106.90569,-6.26764],[106.90561,-6.26889],[106.90429,-6.27033],[106.90564,-6.27017],[106.90611,-6.2718],[106.90658,-6.27154],[106.90709,-6.27221],[106.9085,-6.27181],[106.9087,-6.27275],[106.90964,-6.2722],[106.91007,-6.2728],[106.90917,-6.27435],[106.90937,-6.27598],[106.90862,-6.27913],[106.90906,-6.28062],[106.90794,-6.28249],[106.9085,-6.28277],[106.90892,-6.2856],[106.90995,-6.28595],[106.90948,-6.28653],[106.91046,-6.28699],[106.9096,-6.28858],[106.91006,-6.28942],[106.90934,-6.29087],[106.91059,-6.28987],[106.91055,-6.2908],[106.91181,-6.29025],[106.91041,-6.29142],[106.91093,-6.29232],[106.91133,-6.29142],[106.91168,-6.29198],[106.9111,-6.29294],[106.91035,-6.29293],[106.91019,-6.29427],[106.91238,-6.29469],[106.91107,-6.29596],[106.91187,-6.29645],[106.91183,-6.29826],[106.91348,-6.29889],[106.91489,-6.29706],[106.91709,-6.29819],[106.9177,-6.29798],[106.91789,-6.29968],[106.91922,-6.29915],[106.91892,-6.30059],[106.92065,-6.3002],[106.92104,-6.30132],[106.92052,-6.30176],[106.92183,-6.30339],[106.92154,-6.30733],[106.92091,-6.30729],[106.92114,-6.30781],[106.92062,-6.3083],[106.92117,-6.30923],[106.92096,-6.31045],[106.92154,-6.31089],[106.92063,-6.31201],[106.92198,-6.31268],[106.92281,-6.31424],[106.92193,-6.31567],[106.92207,-6.3176],[106.92072,-6.31826],[106.92117,-6.31932],[106.92043,-6.3211],[106.9217,-6.32296],[106.92148,-6.32421],[106.91904,-6.32531],[106.91901,-6.32651],[106.91816,-6.32791],[106.91872,-6.3287],[106.92019,-6.3286],[106.92094,-6.33086],[106.92069,-6.33287],[106.91973,-6.33369],[106.91948,-6.33482],[106.91914,-6.33727],[106.91954,-6.33865],[106.91826,-6.33919],[106.91957,-6.34111],[106.9185,-6.34245],[106.91943,-6.3436],[106.91734,-6.34384],[106.91722,-6.34605],[106.91641,-6.34642],[106.91737,-6.34806],[106.9164,-6.34871],[106.91793,-6.35032],[106.91699,-6.35155],[106.91746,-6.35336],[106.91558,-6.35497],[106.91714,-6.35643],[106.91562,-6.35656],[106.91474,-6.35759],[106.91478,-6.35839],[106.9136,-6.35882],[106.91468,-6.35949],[106.91436,-6.36018],[106.91545,-6.36052],[106.91463,-6.36162],[106.91621,-6.36289],[106.91489,-6.36329],[106.91436,-6.36557],[106.91044,-6.36376],[106.90685,-6.36072],[106.90636,-6.35969],[106.90608,-6.36092],[106.90273,-6.36557],[106.90234,-6.368],[106.90117,-6.36952],[106.90037,-6.36976],[106.89759,-6.36875],[106.89576,-6.37073],[106.89437,-6.37083],[106.88992,-6.36881],[106.88911,-6.36747],[106.88739,-6.37263],[106.88468,-6.37254],[106.88477,-6.37203],[106.88193,-6.37155],[106.88344,-6.37035],[106.88267,-6.36988],[106.88315,-6.36825],[106.8839,-6.3679],[106.88322,-6.36587],[106.88363,-6.3651],[106.88219,-6.36498],[106.88212,-6.36633],[106.88108,-6.36661],[106.88065,-6.36464],[106.87836,-6.36397],[106.87797,-6.3632],[106.879,-6.36174],[106.87883,-6.36104],[106.87745,-6.36097],[106.87662,-6.36189],[106.87364,-6.36095],[106.87267,-6.3613],[106.87137,-6.36007],[106.8723,-6.35875],[106.87204,-6.35791],[106.8739,-6.35635],[106.87299,-6.35501],[106.87241,-6.35508],[106.87206,-6.35393],[106.87109,-6.3537],[106.87122,-6.35289],[106.87019,-6.35293],[106.86959,-6.35401],[106.86761,-6.35433],[106.86516,-6.35582],[106.86407,-6.35575],[106.86221,-6.35734],[106.86068,-6.35466],[106.86181,-6.35363],[106.85911,-6.35173],[106.85908,-6.34934],[106.85775,-6.34919],[106.85783,-6.3481],[106.85673,-6.34705],[106.8557,-6.34679],[106.85539,-6.34726],[106.8542,-6.34655],[106.85471,-6.34398],[106.85381,-6.34288],[106.85203,-6.34285],[106.85161,-6.34136],[106.85004,-6.34029],[106.84962,-6.33874],[106.84741,-6.33765],[106.8453,-6.33786],[106.84527,-6.33696],[106.84475,-6.33698],[106.84477,-6.33766],[106.84355,-6.33768],[106.84369,-6.3368],[106.83974,-6.33532],[106.84012,-6.33222],[106.8434,-6.3316],[106.84024,-6.32941],[106.84131,-6.32669],[106.84218,-6.32772],[106.84311,-6.32626],[106.84153,-6.32363],[106.84004,-6.32278],[106.84087,-6.32137],[106.83922,-6.32171],[106.8383,-6.32109],[106.83921,-6.3194],[106.84166,-6.31813],[106.84383,-6.31846],[106.84421,-6.31672],[106.84616,-6.31705],[106.8474,-6.31541],[106.84835,-6.31511],[106.84891,-6.31575],[106.84848,-6.31714],[106.84679,-6.31799],[106.84926,-6.31879],[106.84946,-6.31748],[106.85173,-6.31599],[106.85118,-6.31476],[106.85236,-6.31107],[106.85445,-6.31218],[106.85488,-6.31383],[106.8556,-6.31376],[106.85832,-6.31109],[106.85704,-6.31059],[106.85677,-6.30988],[106.85768,-6.3078],[106.85741,-6.30626],[106.85845,-6.30538],[106.85474,-6.30333],[106.85481,-6.29966],[106.85248,-6.29992],[106.85162,-6.30109],[106.84978,-6.29977],[106.84968,-6.29887],[106.85149,-6.29938],[106.85214,-6.29898],[106.85191,-6.29767],[106.85031,-6.29646],[106.85065,-6.29585],[106.85424,-6.29595],[106.85397,-6.29379],[106.85228,-6.29454],[106.85454,-6.29065],[106.85384,-6.29027],[106.85181,-6.2911],[106.85123,-6.29285],[106.85022,-6.2925],[106.84929,-6.29047],[106.8506,-6.28985],[106.85116,-6.28845],[106.85035,-6.28789],[106.84947,-6.28852],[106.84849,-6.28807],[106.84734,-6.28571],[106.84876,-6.28368],[106.84746,-6.28304],[106.85035,-6.2797],[106.84762,-6.28004],[106.84659,-6.27908],[106.84921,-6.27659],[106.8505,-6.27676],[106.85165,-6.27618],[106.85194,-6.27504],[106.8513,-6.27346],[106.85334,-6.27326],[106.85358,-6.27198],[106.85672,-6.27269],[106.85658,-6.27185],[106.85484,-6.27041],[106.85517,-6.26963],[106.85603,-6.27052],[106.85651,-6.27016],[106.85535,-6.26622],[106.85397,-6.26509],[106.85683,-6.2643],[106.85712,-6.26378],[106.85461,-6.26277],[106.85432,-6.26216],[106.85543,-6.26181],[106.85655,-6.26276],[106.8592,-6.26285],[106.8605,-6.25769],[106.8604,-6.25714],[106.85931,-6.25682],[106.86071,-6.25519],[106.85946,-6.25438],[106.85778,-6.25527],[106.85773,-6.25322],[106.85909,-6.2514],[106.86018,-6.25099],[106.86117,-6.25401],[106.86269,-6.2535],[106.86219,-6.25047],[106.86405,-6.24942],[106.862,-6.24646],[106.86301,-6.2389],[106.86362,-6.23745],[106.86473,-6.2368],[106.86527,-6.23687],[106.86613,-6.23889],[106.86666,-6.23918],[106.86684,-6.23877],[106.86634,-6.23678],[106.86523,-6.23527],[106.86633,-6.23429],[106.86613,-6.23375],[106.86322,-6.23086],[106.86484,-6.22888],[106.86475,-6.22693],[106.86353,-6.22465],[106.86525,-6.22443],[106.8653,-6.22335],[106.86288,-6.2197],[106.86156,-6.21997],[106.8615,-6.2217],[106.86006,-6.22121],[106.86353,-6.21627],[106.86045,-6.21733],[106.85863,-6.21627],[106.85751,-6.21766],[106.85649,-6.2168],[106.8567,-6.2149],[106.85823,-6.21358],[106.85753,-6.21221],[106.8545,-6.21113],[106.84904,-6.20756],[106.84993,-6.20559],[106.85393,-6.20658],[106.85568,-6.20467],[106.85511,-6.20243],[106.85271,-6.2019],[106.85146,-6.20244],[106.85103,-6.20163],[106.86317,-6.19315],[106.87019,-6.19205],[106.87502,-6.19233],[106.87608,-6.17589],[106.87881,-6.16646],[106.88067,-6.16689],[106.89124,-6.17333],[106.89643,-6.178],[106.90136,-6.17854],[106.91008,-6.18248],[106.92246,-6.18311],[106.92163,-6.18058],[106.92191,-6.17832],[106.92036,-6.1698],[106.92189,-6.16237],[106.92854,-6.16038],[106.92978,-6.15954],[106.93314,-6.15909],[106.93337,-6.15838],[106.93555,-6.15855],[106.93871,-6.15257],[106.93997,-6.15142],[106.94016,-6.15527],[106.94424,-6.15509],[106.94469,-6.15793],[106.9444,-6.16299],[106.95168,-6.1634],[106.95298,-6.16104],[106.95262,-6.16011],[106.95316,-6.1584],[106.95402,-6.15779],[106.95614,-6.15817],[106.9586,-6.15954],[106.95866,-6.15892],[106.96081,-6.1583],[106.96067,-6.15759],[106.96135,-6.15749],[106.96136,-6.15638],[106.96043,-6.15616],[106.96058,-6.15567],[106.96392,-6.15627],[106.96864,-6.15451],[106.97111,-6.15436],[106.97096,-6.16238],[106.97173,-6.17482]]}},{"type":"Feature","properties":{"t":"b"},"geometry":{"type":"LineString","coordinates":[[106.96982,-6.09262],[106.96956,-6.09518],[106.96991,-6.09653],[106.9708,-6.09632],[106.96993,-6.099],[106.97041,-6.10021],[106.96997,-6.10206],[106.97048,-6.11104],[106.96993,-6.11186],[106.96966,-6.12059],[106.97084,-6.12486],[106.97031,-6.12706],[106.96947,-6.12726],[106.96915,-6.13332],[106.97035,-6.14292],[106.97167,-6.14353],[106.97196,-6.14547],[106.97278,-6.14547],[106.97282,-6.14629],[106.97168,-6.14612],[106.97213,-6.15153],[106.97149,-6.1522],[106.97111,-6.15436],[106.96864,-6.15451],[106.96392,-6.15627],[106.96058,-6.15567],[106.96043,-6.15616],[106.96136,-6.15638],[106.96135,-6.15749],[106.96067,-6.15759],[106.96081,-6.1583],[106.95866,-6.15892],[106.9586,-6.15954],[106.95614,-6.15817],[106.95402,-6.15779],[106.95316,-6.1584],[106.95262,-6.16011],[106.95298,-6.16104],[106.95168,-6.1634],[106.9444,-6.16299],[106.94469,-6.15793],[106.94424,-6.15509],[106.94016,-6.15527],[106.93997,-6.15142],[106.93871,-6.15257],[106.93555,-6.15855],[106.93337,-6.15838],[106.93314,-6.15909],[106.92978,-6.15954],[106.92854,-6.16038],[106.92189,-6.16237],[106.92036,-6.1698],[106.92191,-6.17832],[106.92163,-6.18058],[106.92246,-6.18311],[106.91008,-6.18248],[106.90136,-6.17854],[106.89643,-6.178],[106.89124,-6.17333],[106.88067,-6.16689],[106.87867,-6.16645],[106.88138,-6.16249],[106.87688,-6.16349],[106.86018,-6.15384],[106.86098,-6.15233],[106.86116,-6.15089],[106.86048,-6.15239],[106.85982,-6.15262],[106.8585,-6.15281],[106.85668,-6.15183],[106.85708,-6.15061],[106.85549,-6.15055],[106.85578,-6.15189],[106.84458,-6.15401],[106.84357,-6.15365],[106.84134,-6.1521],[106.84119,-6.15107],[106.84345,-6.14719],[106.84315,-6.14634],[106.84406,-6.14499],[106.83836,-6.14178],[106.83711,-6.14611],[106.83567,-6.14317],[106.83118,-6.14041],[106.83065,-6.139],[106.83067,-6.13532],[106.82124,-6.13688],[106.81983,-6.13635],[106.81675,-6.13706],[106.81503,-6.13024],[106.81257,-6.13027],[106.80114,-6.13365],[106.80022,-6.1356],[106.80052,-6.14189],[106.79218,-6.14281],[106.79001,-6.14233],[106.78786,-6.14322],[106.77711,-6.14411],[106.77508,-6.14523],[106.77556,-6.14177],[106.76823,-6.14069],[106.75085,-6.13443],[106.74419,-6.12964],[106.73862,-6.1269],[106.73325,-6.12316],[106.72742,-6.11758],[106.71718,-6.10461],[106.71437,-6.09893],[106.71097,-6.09562],[106.712,-6.09589],[106.71296,-6.09417],[106.71859,-6.09187],[106.71904,-6.09259],[106.72081,-6.09133],[106.72206,-6.09192],[106.72451,-6.08917],[106.72694,-6.08964],[106.72631,-6.09131],[106.72713,-6.09218],[106.72915,-6.08955],[106.72793,-6.08627],[106.73374,-6.0811],[106.73765,-6.0836],[106.73728,-6.08469],[106.74089,-6.08749],[106.74951,-6.07794],[106.75092,-6.07399],[106.75232,-6.07326],[106.75874,-6.07764],[106.75648,-6.08262],[106.75422,-6.09205],[106.75263,-6.09594],[106.75116,-6.09831],[106.74321,-6.09977],[106.73985,-6.09971],[106.73919,-6.10013],[106.73999,-6.1007],[106.745,-6.10194],[106.74551,-6.10068],[106.74636,-6.10113],[106.74685,-6.0999],[106.74939,-6.10013],[106.75032,-6.09946],[106.75255,-6.10206],[106.75509,-6.10346],[106.76074,-6.10398],[106.76425,-6.10248],[106.76512,-6.09944],[106.76754,-6.10056],[106.7689,-6.10258],[106.77122,-6.10379],[106.77166,-6.10337],[106.7713,-6.10415],[106.77221,-6.10446],[106.77203,-6.10499],[106.774,-6.10491],[106.77482,-6.10388],[106.77668,-6.10363],[106.77545,-6.10696],[106.77489,-6.107],[106.77449,-6.1101],[106.77647,-6.106],[106.78249,-6.10859],[106.78445,-6.10859],[106.78448,-6.10958],[106.78518,-6.10956],[106.78514,-6.11114],[106.78557,-6.11114],[106.78568,-6.10813],[106.78685,-6.1081],[106.78688,-6.10887],[106.78712,-6.1081],[106.79034,-6.10804],[106.78998,-6.10082],[106.79127,-6.09347],[106.79301,-6.0928],[106.79437,-6.09297],[106.79653,-6.09408],[106.79713,-6.0951],[106.79668,-6.10409],[106.79576,-6.10543],[106.79627,-6.10897],[106.8006,-6.10831],[106.79869,-6.09683],[106.80025,-6.09652],[106.80084,-6.10003],[106.80195,-6.09984],[106.80226,-6.10233],[106.8044,-6.10195],[106.80305,-6.09461],[106.80363,-6.09451],[106.80784,-6.11636],[106.80901,-6.11691],[106.80957,-6.12023],[106.81139,-6.1205],[106.8118,-6.12266],[106.81249,-6.12255],[106.81192,-6.11919],[106.81326,-6.12072],[106.8138,-6.12071],[106.81451,-6.11944],[106.81647,-6.11991],[106.8172,-6.1149],[106.82756,-6.11633],[106.8283,-6.11861],[106.82933,-6.11873],[106.8294,-6.12014],[106.83009,-6.12091],[106.83407,-6.12075],[106.8346,-6.12164],[106.83814,-6.12152],[106.83862,-6.12086],[106.84264,-6.12109],[106.84307,-6.12158],[106.84248,-6.1226],[106.83989,-6.12221],[106.83934,-6.12259],[106.83975,-6.12357],[106.84071,-6.12384],[106.84335,-6.1235],[106.84304,-6.1229],[106.8436,-6.12133],[106.8465,-6.1201],[106.84629,-6.1193],[106.84746,-6.12045],[106.84856,-6.12014],[106.84863,-6.11932],[106.84903,-6.11986],[106.85384,-6.11837],[106.85494,-6.11717],[106.85737,-6.11639],[106.85873,-6.11518],[106.85883,-6.11444],[106.85773,-6.11346],[106.85765,-6.111],[106.8608,-6.11017],[106.86129,-6.11451],[106.86339,-6.11399],[106.86339,-6.11214],[106.86388,-6.1116],[106.87283,-6.10438],[106.87206,-6.10844],[106.86485,-6.11247],[106.86472,-6.12018],[106.86246,-6.12149],[106.86615,-6.11987],[106.86531,-6.11637],[106.86533,-6.11357],[106.87137,-6.11037],[106.8717,-6.11152],[106.87089,-6.11433],[106.87026,-6.11471],[106.87057,-6.11528],[106.87281,-6.11439],[106.87222,-6.1137],[106.87263,-6.1137],[106.87423,-6.10743],[106.87482,-6.10316],[106.87667,-6.10154],[106.87771,-6.1016],[106.87742,-6.10522],[106.87556,-6.11133],[106.87634,-6.11076],[106.87715,-6.10679],[106.87805,-6.10694],[106.87732,-6.11018],[106.87851,-6.10991],[106.87868,-6.10235],[106.8802,-6.10211],[106.87907,-6.10197],[106.87872,-6.10138],[106.87905,-6.095],[106.87964,-6.09431],[106.87984,-6.09854],[106.88029,-6.09544],[106.88078,-6.09699],[106.88116,-6.0938],[106.88172,-6.09411],[106.88171,-6.09353],[106.88262,-6.09495],[106.88222,-6.10637],[106.88377,-6.10644],[106.88445,-6.09613],[106.88599,-6.09619],[106.88697,-6.09729],[106.88668,-6.10651],[106.88797,-6.10655],[106.88833,-6.09725],[106.89089,-6.09731],[106.89069,-6.10674],[106.89233,-6.10685],[106.89262,-6.09735],[106.90545,-6.09756],[106.90501,-6.09848],[106.90577,-6.09844],[106.90538,-6.09859],[106.90573,-6.10102],[106.90536,-6.101],[106.90565,-6.10378],[106.90525,-6.10369],[106.90557,-6.10606],[106.90518,-6.10598],[106.90516,-6.107],[106.90693,-6.1087],[106.9072,-6.10409],[106.91038,-6.10344],[106.91035,-6.10168],[106.90832,-6.10169],[106.90831,-6.1009],[106.90788,-6.1009],[106.90788,-6.09996],[106.90927,-6.09894],[106.91304,-6.09948],[106.91314,-6.09903],[106.91167,-6.09863],[106.91337,-6.09873],[106.91521,-6.10051],[106.91533,-6.09984],[106.91665,-6.09951],[106.91627,-6.09896],[106.91877,-6.09911],[106.91887,-6.1041],[106.91965,-6.10434],[106.92155,-6.10354],[106.91973,-6.1034],[106.92034,-6.10067],[106.92582,-6.10006],[106.92658,-6.09971],[106.92641,-6.09814],[106.92792,-6.09775],[106.93175,-6.09732],[106.93574,-6.0961],[106.93927,-6.09607],[106.93954,-6.0977],[106.94017,-6.09735],[106.94047,-6.09812],[106.94301,-6.09792],[106.95024,-6.09602],[106.95367,-6.09602],[106.954,-6.09448],[106.95905,-6.09383],[106.95956,-6.09281],[106.96108,-6.09216],[106.96316,-6.09216],[106.96519,-6.09373],[106.96873,-6.09224],[106.96987,-6.09219],[106.96982,-6.09262]]}},{"type":"Feature","properties":{"t":"b"},"geometry":{"type":"LineString","coordinates":[[106.68727,-6.09743],[106.68801,-6.09966],[106.68809,-6.10388],[106.68888,-6.1046],[106.68848,-6.10561],[106.68896,-6.10636],[106.69369,-6.10719],[106.69788,-6.11089],[106.6964,-6.11288],[106.69142,-6.11378],[106.69002,-6.11601],[106.6897,-6.12117],[106.68806,-6.12429],[106.68708,-6.12862],[106.68596,-6.12782],[106.68587,-6.1282],[106.68649,-6.13553],[106.68624,-6.14306],[106.68669,-6.14711],[106.68746,-6.14769],[106.68775,-6.15999],[106.69091,-6.16009],[106.68897,-6.16491],[106.68942,-6.16702],[106.6888,-6.16711],[106.68862,-6.16842],[106.68819,-6.16849],[106.68802,-6.17282],[106.69054,-6.17336],[106.691,-6.17408],[106.6943,-6.17539],[106.69447,-6.17618],[106.69491,-6.17491],[106.69628,-6.17528],[106.69909,-6.17671],[106.71383,-6.18143],[106.72141,-6.18469],[106.72435,-6.18508],[106.7241,-6.18582],[106.72269,-6.18562],[106.72139,-6.18704],[106.7179,-6.18784],[106.71668,-6.18977],[106.71491,-6.19005],[106.71473,-6.19164],[106.71645,-6.19142],[106.71691,-6.19312],[106.71973,-6.19195],[106.72421,-6.19191],[106.72475,-6.19404],[106.72328,-6.19719],[106.72359,-6.20039],[106.72463,-6.20305],[106.7244,-6.2076],[106.72362,-6.20813],[106.72348,-6.21244],[106.72017,-6.21225],[106.72012,-6.21185],[106.71983,-6.2142],[106.71918,-6.21457],[106.71814,-6.21774],[106.71851,-6.2179],[106.71797,-6.22003],[106.71824,-6.22281],[106.72066,-6.22422],[106.72705,-6.22436],[106.73732,-6.22362],[106.73778,-6.22532],[106.73963,-6.22528],[106.73967,-6.22608],[106.7403,-6.2261],[106.74031,-6.22764],[106.74322,-6.22749],[106.7432,-6.22864],[106.74434,-6.22891],[106.7439,-6.23048],[106.74539,-6.23072],[106.74526,-6.23162],[106.7444,-6.23206],[106.74466,-6.23358],[106.74392,-6.23624],[106.747,-6.23639],[106.74859,-6.24068],[106.74716,-6.24278],[106.74667,-6.24667],[106.74807,-6.25006],[106.74666,-6.24964],[106.74652,-6.25043],[106.74398,-6.25003],[106.74387,-6.25054],[106.73916,-6.2504],[106.73785,-6.25094],[106.72915,-6.25035],[106.72911,-6.25104],[106.72361,-6.25141],[106.72332,-6.25295],[106.72244,-6.25165],[106.72128,-6.25117],[106.71135,-6.25162],[106.70924,-6.24936],[106.70751,-6.24959],[106.70689,-6.24979],[106.70607,-6.25257],[106.70527,-6.25302],[106.70407,-6.25623],[106.70283,-6.25498],[106.69946,-6.25368],[106.69828,-6.25179],[106.69588,-6.25167],[106.69712,-6.2445],[106.69183,-6.24379],[106.69071,-6.24426],[106.6892,-6.24034],[106.68927,-6.23883],[106.68746,-6.23936],[106.68647,-6.23843],[106.68702,-6.23758],[106.68672,-6.23719],[106.68869,-6.23555],[106.68792,-6.23389],[106.68979,-6.23251],[106.68971,-6.23348],[106.69008,-6.23296],[106.69059,-6.23325],[106.69085,-6.23214],[106.69156,-6.23206],[106.69113,-6.23118],[106.69232,-6.23164],[106.69261,-6.23092],[106.69353,-6.23118],[106.69421,-6.23013],[106.69327,-6.23016],[106.69343,-6.22937],[106.68878,-6.22998],[106.68794,-6.23073],[106.6858,-6.23045],[106.68437,-6.231],[106.68324,-6.23033],[106.68025,-6.2312],[106.67161,-6.23087],[106.67161,-6.23169],[106.6705,-6.23212],[106.66802,-6.23186],[106.66767,-6.23132],[106.66455,-6.23059],[106.66302,-6.23098],[106.66276,-6.23157],[106.6597,-6.23095],[106.65712,-6.2315],[106.65559,-6.23089],[106.65559,-6.23043],[106.65261,-6.22991],[106.65063,-6.2276],[106.65054,-6.22955],[106.64626,-6.22941],[106.64571,-6.22895],[106.64325,-6.23014],[106.64079,-6.22971],[106.64033,-6.22909],[106.63806,-6.22975],[106.63046,-6.22551],[106.62919,-6.22732],[106.62812,-6.22785],[106.62619,-6.22723],[106.61912,-6.22696],[106.61798,-6.22491],[106.61092,-6.22497],[106.61324,-6.22353],[106.61324,-6.22223],[106.61169,-6.22029],[106.60957,-6.22034],[106.61261,-6.21582],[106.61056,-6.21494],[106.60931,-6.21493],[106.60869,-6.21556],[106.60837,-6.21491],[106.60463,-6.21447],[106.60243,-6.2134],[106.60324,-6.21073],[106.60476,-6.20843],[106.6019,-6.20602],[106.59997,-6.20553],[106.60003,-6.20732],[106.59702,-6.20763],[106.5957,-6.20583],[106.59561,-6.20733],[106.59454,-6.20867],[106.59472,-6.21088],[106.59377,-6.21345],[106.59478,-6.21466],[106.59362,-6.21809],[106.59285,-6.21822],[106.59276,-6.21937],[106.59067,-6.22166],[106.59143,-6.22168],[106.59147,-6.2227],[106.58803,-6.22243],[106.58712,-6.22148],[106.58286,-6.22067],[106.58324,-6.22023],[106.58099,-6.21831],[106.58032,-6.21634],[106.57325,-6.21553],[106.57335,-6.21431],[106.57133,-6.21414],[106.57141,-6.21229],[106.57062,-6.21226],[106.57056,-6.21325],[106.56976,-6.2132],[106.5698,-6.21279],[106.5649,-6.21124],[106.56658,-6.20831],[106.56908,-6.20627],[106.56512,-6.20443],[106.5639,-6.20444],[106.55808,-6.20146],[106.558,-6.20027],[106.5562,-6.19892],[106.55372,-6.19879],[106.55261,-6.19949],[106.55277,-6.19836],[106.55394,-6.19765],[106.55323,-6.19692],[106.55335,-6.19503],[106.55194,-6.19485],[106.55259,-6.19012],[106.55146,-6.19002],[106.55164,-6.18904],[106.55189,-6.1881],[106.55338,-6.18813],[106.55261,-6.18754],[106.55265,-6.18479],[106.55308,-6.18513],[106.55386,-6.1837],[106.55457,-6.1845],[106.55606,-6.18342],[106.56094,-6.1816],[106.56059,-6.18055],[106.56104,-6.18019],[106.56167,-6.18077],[106.56364,-6.17942],[106.56487,-6.17978],[106.56473,-6.17811],[106.56537,-6.17821],[106.56562,-6.17691],[106.56628,-6.17697],[106.56846,-6.17494],[106.57219,-6.17485],[106.57331,-6.1739],[106.57536,-6.17389],[106.57686,-6.1725],[106.57922,-6.17204],[106.57864,-6.17004],[106.57922,-6.16993],[106.58064,-6.16697],[106.58261,-6.1669],[106.58258,-6.16384],[106.58355,-6.16228],[106.58646,-6.16245],[106.5885,-6.16157],[106.58906,-6.16046],[106.59097,-6.15904],[106.59109,-6.15783],[106.59155,-6.15785],[106.59086,-6.14997],[106.59015,-6.14856],[106.59103,-6.14693],[106.59149,-6.14838],[106.59247,-6.14828],[106.59248,-6.14765],[106.61335,-6.14767],[106.6138,-6.14482],[106.61574,-6.14135],[106.61568,-6.14053],[106.61331,-6.13895],[106.61082,-6.13568],[106.61135,-6.13423],[106.61302,-6.13333],[106.61404,-6.13161],[106.61395,-6.12607],[106.61583,-6.12514],[106.61763,-6.12294],[106.62056,-6.12271],[106.62306,-6.12069],[106.62643,-6.1207],[106.62896,-6.11978],[106.62917,-6.1207],[106.63046,-6.1212],[106.63209,-6.12023],[106.63133,-6.11727],[106.63258,-6.1158],[106.63276,-6.11223],[106.63513,-6.10768],[106.63649,-6.10816],[106.63908,-6.10627],[106.6424,-6.10777],[106.64166,-6.11035],[106.64224,-6.11702],[106.64391,-6.1209],[106.65727,-6.11563],[106.66027,-6.12248],[106.66689,-6.11992],[106.66956,-6.12032],[106.68081,-6.11586],[106.67846,-6.10972],[106.68086,-6.10817],[106.67901,-6.10279],[106.67179,-6.10555],[106.67018,-6.10296],[106.67266,-6.10313],[106.67555,-6.1021],[106.67579,-6.09861],[106.67725,-6.09799],[106.68727,-6.09743]]}},{"type":"Feature","properties":{"t":"b"},"geometry":{"type":"LineString","coordinates":[[106.63806,-6.22975],[106.64033,-6.22909],[106.64079,-6.22971],[106.64325,-6.23014],[106.64571,-6.22895],[106.64626,-6.22941],[106.65054,-6.22955],[106.65063,-6.2276],[106.65261,-6.22991],[106.65559,-6.23043],[106.65559,-6.23089],[106.65712,-6.2315],[106.6597,-6.23095],[106.66276,-6.23157],[106.66302,-6.23098],[106.66455,-6.23059],[106.66767,-6.23132],[106.66802,-6.23186],[106.6705,-6.23212],[106.67161,-6.23169],[106.67161,-6.23087],[106.68025,-6.2312],[106.68324,-6.23033],[106.68437,-6.231],[106.6858,-6.23045],[106.68794,-6.23073],[106.68878,-6.22998],[106.69343,-6.22937],[106.69327,-6.23016],[106.69421,-6.23013],[106.69353,-6.23118],[106.69261,-6.23092],[106.69232,-6.23164],[106.69113,-6.23118],[106.69156,-6.23206],[106.69085,-6.23214],[106.69059,-6.23325],[106.69008,-6.23296],[106.68971,-6.23348],[106.68979,-6.23251],[106.68792,-6.23389],[106.68869,-6.23555],[106.68672,-6.23719],[106.68702,-6.23758],[106.68647,-6.23843],[106.68746,-6.23936],[106.68927,-6.23883],[106.6892,-6.24034],[106.69071,-6.24426],[106.69183,-6.24379],[106.69712,-6.2445],[106.69588,-6.25167],[106.69828,-6.25179],[106.69946,-6.25368],[106.70283,-6.25498],[106.70407,-6.25623],[106.70527,-6.25302],[106.70607,-6.25257],[106.70689,-6.24979],[106.70924,-6.24936],[106.71094,-6.25154],[106.72128,-6.25117],[106.72244,-6.25165],[106.72332,-6.25295],[106.72361,-6.25141],[106.72911,-6.25104],[106.72915,-6.25035],[106.73785,-6.25094],[106.73916,-6.2504],[106.74387,-6.25054],[106.74398,-6.25003],[106.74652,-6.25043],[106.74666,-6.24964],[106.75112,-6.25003],[106.75124,-6.25143],[106.75355,-6.2517],[106.75424,-6.25414],[106.7539,-6.25587],[106.7549,-6.2557],[106.75492,-6.25687],[106.75403,-6.25707],[106.75438,-6.25983],[106.75176,-6.26033],[106.75143,-6.26168],[106.75364,-6.26223],[106.75631,-6.26148],[106.75652,-6.26248],[106.75475,-6.26286],[106.75472,-6.26357],[106.75352,-6.26326],[106.75388,-6.26406],[106.75253,-6.26458],[106.7523,-6.26837],[106.75301,-6.26904],[106.7503,-6.27186],[106.75149,-6.27278],[106.75159,-6.27457],[106.75696,-6.27425],[106.75719,-6.27763],[106.7598,-6.27816],[106.76221,-6.27787],[106.76014,-6.28646],[106.76295,-6.2869],[106.76307,-6.28875],[106.7659,-6.28884],[106.76667,-6.29075],[106.76788,-6.29037],[106.76887,-6.29099],[106.76749,-6.29233],[106.76826,-6.29339],[106.76717,-6.29516],[106.76821,-6.2959],[106.77008,-6.29562],[106.7698,-6.29756],[106.77076,-6.29737],[106.77129,-6.29906],[106.77359,-6.29835],[106.77374,-6.29953],[106.77151,-6.29946],[106.77253,-6.30011],[106.77312,-6.3015],[106.77086,-6.30211],[106.77163,-6.30325],[106.77347,-6.30312],[106.77316,-6.3048],[106.77446,-6.3033],[106.7756,-6.30407],[106.7748,-6.30473],[106.77533,-6.30614],[106.77393,-6.30656],[106.77496,-6.30839],[106.77328,-6.30968],[106.77534,-6.31054],[106.77447,-6.31139],[106.77472,-6.31214],[106.7759,-6.31161],[106.77654,-6.31193],[106.77684,-6.31531],[106.77942,-6.31588],[106.77992,-6.3165],[106.7786,-6.3174],[106.77942,-6.31804],[106.77876,-6.31981],[106.77924,-6.32141],[106.77773,-6.32326],[106.77882,-6.32399],[106.77891,-6.32654],[106.77855,-6.32721],[106.77752,-6.32651],[106.77684,-6.32698],[106.77759,-6.32738],[106.77761,-6.3294],[106.77612,-6.33115],[106.77664,-6.3325],[106.77528,-6.33316],[106.77594,-6.33403],[106.77576,-6.33556],[106.77642,-6.33592],[106.77442,-6.33612],[106.77478,-6.33786],[106.7724,-6.33821],[106.77367,-6.33887],[106.77303,-6.33937],[106.77335,-6.34032],[106.77292,-6.3417],[106.77358,-6.34286],[106.77254,-6.34407],[106.77434,-6.34477],[106.77444,-6.3458],[106.77326,-6.34658],[106.77386,-6.348],[106.77369,-6.35025],[106.7721,-6.35008],[106.77185,-6.35241],[106.77088,-6.35175],[106.77003,-6.35233],[106.77112,-6.35463],[106.77116,-6.35726],[106.76994,-6.35862],[106.76958,-6.36062],[106.76997,-6.36119],[106.75934,-6.36121],[106.75829,-6.36188],[106.75299,-6.36074],[106.75052,-6.36108],[106.74987,-6.36059],[106.74888,-6.36109],[106.72846,-6.36018],[106.72155,-6.36046],[106.72168,-6.36198],[106.72067,-6.362],[106.72007,-6.36109],[106.71918,-6.36207],[106.71836,-6.36157],[106.71899,-6.35975],[106.71876,-6.35862],[106.71121,-6.35865],[106.71032,-6.35926],[106.70239,-6.35914],[106.70217,-6.36029],[106.70097,-6.36036],[106.69752,-6.35882],[106.68303,-6.35888],[106.68203,-6.35937],[106.67642,-6.35876],[106.67397,-6.35948],[106.67012,-6.35939],[106.66072,-6.36065],[106.65848,-6.36171],[106.65558,-6.36141],[106.65327,-6.36226],[106.65131,-6.36221],[106.65357,-6.36056],[106.65685,-6.35952],[106.65684,-6.35727],[106.65556,-6.35599],[106.65543,-6.35265],[106.65425,-6.3502],[106.65021,-6.34709],[106.64718,-6.34367],[106.6472,-6.34006],[106.65097,-6.33718],[106.65457,-6.33541],[106.65683,-6.33283],[106.65765,-6.33069],[106.66062,-6.32804],[106.66066,-6.32736],[106.65758,-6.32482],[106.65914,-6.31802],[106.66174,-6.31837],[106.66231,-6.31758],[106.66089,-6.31568],[106.65951,-6.31548],[106.65638,-6.31683],[106.65538,-6.31591],[106.6554,-6.31378],[106.65774,-6.31152],[106.65887,-6.30861],[106.65674,-6.3059],[106.65582,-6.30104],[106.65387,-6.29956],[106.65341,-6.29716],[106.65401,-6.29377],[106.65752,-6.29001],[106.65687,-6.28759],[106.65582,-6.28633],[106.64996,-6.28393],[106.64796,-6.28189],[106.64649,-6.27918],[106.64603,-6.27605],[106.64689,-6.27492],[106.64904,-6.27425],[106.65101,-6.27258],[106.65186,-6.26903],[106.64928,-6.26776],[106.64739,-6.26585],[106.64906,-6.26103],[106.64625,-6.25596],[106.64396,-6.24752],[106.64433,-6.24249],[106.63768,-6.23815],[106.63671,-6.23667],[106.63949,-6.231],[106.63806,-6.22975]]}},{"type":"Feature","properties":{"t":"l","n":"Kabupaten Bekasi"},"geometry":{"type":"Point","coordinates":[107.16167,-6.19952]}},{"type":"Feature","properties":{"t":"l","n":"Kabupaten Bogor"},"geometry":{"type":"Point","coordinates":[107.00161,-6.54492]}},{"type":"Feature","properties":{"t":"l","n":"Kabupaten Tangerang"},"geometry":{"type":"Point","coordinates":[106.46975,-6.18391]}},{"type":"Feature","properties":{"t":"l","n":"Kota Bekasi"},"geometry":{"type":"Point","coordinates":[106.96154,-6.2853]}},{"type":"Feature","properties":{"t":"l","n":"Kota Bogor"},"geometry":{"type":"Point","coordinates":[106.80151,-6.59783]}},{"type":"Feature","properties":{"t":"l","n":"Kota Depok"},"geometry":{"type":"Point","coordinates":[106.81625,-6.38814]}},{"type":"Feature","properties":{"t":"l","n":"Kota Jakarta Barat"},"geometry":{"type":"Point","coordinates":[106.74463,-6.16133]}},{"type":"Feature","properties":{"t":"l","n":"Kota Jakarta Pusat"},"geometry":{"type":"Point","coordinates":[106.84287,-6.18216]}},{"type":"Feature","properties":{"t":"l","n":"Kota Jakarta Selatan"},"geometry":{"type":"Point","coordinates":[106.80439,-6.28366]}},{"type":"Feature","properties":{"t":"l","n":"Kota Jakarta Timur"},"geometry":{"type":"Point","coordinates":[106.8819,-6.26213]}},{"type":"Feature","properties":{"t":"l","n":"Kota Jakarta Utara"},"geometry":{"type":"Point","coordinates":[106.85571,-6.12821]}},{"type":"Feature","properties":{"t":"l","n":"Kota Tangerang"},"geometry":{"type":"Point","coordinates":[106.63256,-6.17689]}},{"type":"Feature","properties":{"t":"l","n":"Kota Tangerang Selatan"},"geometry":{"type":"Point","coordinates":[106.71068,-6.2945]}}]}